{
  "conventional_long_name": "People's Democratic Republic of Algeria",
  "common_name": "Algeria",
  "native_name": "{{small|native name|ar|\u0627\u0644\u062c\u0645\u0647\u0648\u0631\u064a\u0629 \u0627\u0644\u062c\u0632\u0627\u0626\u0631\u064a\u0629 \u0627\u0644\u062f\u064a\u0645\u0642\u0631\u0627\u0637\u064a\u0629 \u0627\u0644\u0634\u0639\u0628\u064a\u0629|italics|=|no}} <br/> {{native name|ar|\u0627\u0644\u062c\u0645\u0647\u0648\u0631\u064a\u0629 \u0627\u0644\u062c\u0632\u0627\u0626\u0631\u064a\u0629 \u0627\u0644\u062f\u064a\u0645\u0642\u0631\u0627\u0637\u064a\u0629 \u0627\u0644\u0634\u0639\u0628\u064a\u0629|italics|=|no}} {{small|native name|fr|R\u00e9publique Alg\u00e9rienne D\u00e9mocratique et Populaire}} {{native name|fr|R\u00e9publique Alg\u00e9rienne D\u00e9mocratique et Populaire}}",
  "image_flag": "Flag of Algeria.svg",
  "image_coat": "Algeria emb (1976).svg",
  "symbol_type": "Emblem",
  "national_motto": "{{lang|ar|\u0628\u0627\u0644\u0634\u0651\u0639\u0628 \u0648\u0644\u0644\u0634\u0651\u0639\u0628}} <br/>(\"By the people and for the people\")",
  "national_anthem": "''[[Kassaman]]''<br />( {{lang-en|\"We Pledge\"}} )<br />[[File:National anthem of Algeria, by the U.S. Navy Band.oga|center]]",
  "image_map": "Algeria_(orthographic_projection).svg",
  "map_caption": "{{map caption |location_color|=|dark green | |}}",
  "image_map2": "Algeria - Location Map (2013) - DZA - UNOCHA.svg",
  "capital": "[[Algiers]]",
  "coordinates": "{{Coord|36|42|N|3|13|E|type:city}}",
  "largest_city": "capital",
  "religion": "[[Islam in Algeria|Islam]]",
  "official_languages": "{{hlist |'''[[Arabic]]'''|ref| name=\"constitution\"|{{cite web|url=http://www.apn-dz.org/apn/english/constitution96/titre_01.htm |title=Constitution of Algeria; Art. 3 |publisher=Apn-dz.org |date=28 November 1996 |access-date=17 January 2013 |deadurl=yes |archiveurl=https://web.archive.org/web/20130725130249/http://www.apn-dz.org/apn/english/constitution96/titre_01.htm |archivedate=25 July 2013 }}|</ref>|[[Standard Algerian Berber|Berber]]|ref| name=\"APS\"|{{cite web |url=http://www.aps.dz/images/doc/PROJET-DE%20REVISION-DE-LA-CONSTITUTION-28-DECEMBRE-2015.pdf |title=APS |publisher=[[Algeria Press Service]] |date=6 January 2016 |access-date=6 January 2016 |deadurl=yes |archiveurl=http://arquivo.pt/wayback/20160522160159/http://www.aps.dz/images/doc/PROJET-DE%20REVISION-DE-LA-CONSTITUTION-28-DECEMBRE-2015.pdf |archivedate=22 May 2016 }}|</ref>}}",
  "languages_type": "Other languages",
  "languages": "[[French language|French]] {{small|(administration, business and education)}} <br>\n[[Algerian Arabic|Algerian Arabic (Darja)]] {{small|(lingua franca)}}",
  "ethnic_groups": "{{vunblist\n |nowrap|[[Arab-Berber]] 99%|ref| name=\"AlgeriaFactbook\"|efn|The ''[[The World Factbook|CIA World Factbook]]'' states that about 15% of Algerians, a minority, identify as Berber even though many Algerians have Berber origins. The Factbook explains that of the approximately 15% who identify as Berber, most live in the [[Kabylie]] region, more closely identify with Berber heritage instead of Arab heritage, and are Muslim.|<!--end nowrap:-->|\n | 1% Others|ref| name=\"AlgeriaFactbook\"}} {{nowrap|[[Arab-Berber]] 99%|ref| name=\"AlgeriaFactbook\"|efn|The ''[[The World Factbook|CIA World Factbook]]'' states that about 15% of Algerians, a minority, identify as Berber even though many Algerians have Berber origins. The Factbook explains that of the approximately 15% who identify as Berber, most live in the [[Kabylie]] region, more closely identify with Berber heritage instead of Arab heritage, and are Muslim.|<!--end nowrap:-->}} {{efn|The ''[[The World Factbook|CIA World Factbook]]'' states that about 15% of Algerians, a minority, identify as Berber even though many Algerians have Berber origins. The Factbook explains that of the approximately 15% who identify as Berber, most live in the [[Kabylie]] region, more closely identify with Berber heritage instead of Arab heritage, and are Muslim.}}",
  "demonym": "Algerian",
  "government_type": "{{nowrap|[[Unitary state|Unitary]] [[Semi-presidential system|semi-presidential]]}} [[republic]]",
  "leader_title1": "[[President of Algeria|President]]",
  "leader_name1": "[[Abdelkader Bensalah]] <small>([[Acting president|acting]])</small>",
  "leader_title2": "[[Prime Minister of Algeria|Prime Minister]]",
  "leader_name2": "[[Noureddine Bedoui]]",
  "legislature": "[[Parliament of Algeria|Parliament]]",
  "upper_house": "[[Council of the Nation]]",
  "lower_house": "[[People's National Assembly]]",
  "sovereignty_type": "[[History of Algeria|Formation]]",
  "established_event1": "[[Ottoman Algeria|Al Jaz\u00e2'ir]]",
  "established_date1": "1515",
  "established_event2": "[[French Algeria|French Occupation]]",
  "established_date2": "[[Invasion of Algiers in 1830|5 July 1830]]",
  "established_event3": "[[Algerian War|Independence]] from [[France]]",
  "established_date3": "3 July 1962",
  "established_event4": "Recognised",
  "established_date4": "5 July 1962",
  "established_event5": "[[Constitution of Algeria|Current constitution]]",
  "established_date5": "10 September 1963",
  "area_km2": "2381741",
  "area_rank": "10th",
  "area_sq_mi": "919595",
  "percent_water": "1.1",
  "population_estimate": "42,200,000",
  "population_estimate_year": "2018",
  "population_estimate_rank": "32nd",
  "GDP_PPP": "{{increase}} $714.471 billion",
  "GDP_PPP_year": "2019",
  "GDP_PPP_rank": "34th",
  "GDP_PPP_per_capita": "{{increase}} $15,765",
  "GDP_PPP_per_capita_rank": "82nd",
  "GDP_nominal": "{{increase}} $300.991 billion",
  "GDP_nominal_year": "2019",
  "GDP_nominal_rank": "39th",
  "GDP_nominal_per_capita": "{{increase}} $4,229",
  "GDP_nominal_per_capita_rank": "109th",
  "Gini": "27.6",
  "Gini_year": "2011",
  "HDI": "0.754",
  "HDI_year": "2017",
  "HDI_change": "increase",
  "HDI_rank": "85th",
  "currency": "[[Algerian dinar|Dinar]]",
  "currency_code": "DZD",
  "time_zone": "[[Central European Time|CET]]",
  "utc_offset": "+1",
  "date_format": "dd/mm/yyyy",
  "drives_on": "right",
  "calling_code": "[[Telephone numbers in Algeria|+213]]",
  "cctld": "[[.dz]]<br/>\u0627\u0644\u062c\u0632\u0627\u0626\u0631."
}