{
  "conventional_long_name": "Republic of Angola",
  "common_name": "Angola",
  "native_name": "{{native name|pt|Rep\u00fablica de Angola}}",
  "image_flag": "Flag of Angola.svg",
  "image_coat": "Emblem of Angola.svg",
  "symbol_type": "Emblem",
  "national_motto": "{{vunblist|native phrase|la|Virtus Unita Fortior|italics|=|on|nolink|=|on|small|(|lang-en|\"Virtue is stronger when united\"|)}} {{native phrase|la|Virtus Unita Fortior|italics|=|on|nolink|=|on}} {{small|(|lang-en|\"Virtue is stronger when united\"|)}} {{lang-en|\"Virtue is stronger when united\"}} )",
  "national_anthem": "\"[[Angola Avante]]\"<br/>( {{Lang-en|\"Onwards Angola\"}} )<br /><center>[[File:National anthem of Angola, performed by the United States Navy Band (March 1996 arrangement).ogg]]</center>",
  "image_map": "Location Angola AU Africa.svg",
  "map_caption": "{{map caption|location_color|=|dark blue|region|=|the [[African Union]]|region_color|=|light blue}}",
  "capital": "[[Luanda]]",
  "coordinates": "{{Coord|8|50|S|13|20|E|type:city}}",
  "largest_city": "capital",
  "official_languages": "[[Portuguese language|Portuguese]]",
  "languages2_type": "Co-official languages",
  "languages2": "{{unbulleted list\n | [[Kongo language|Kikongo]]\n | [[Kimbundu]]\n | [[Umbundu]]}}",
  "ethnic_groups": "36% [[Ovimbundu]]<br/>25% [[Ambundu]]<br/>13% [[Kongo people|Bakongo]]<br/>22% other African<br/>2% [[Mesti\u00e7o]]<br/>1% [[Overseas Chinese|Chinese]]<br/>1% [[White Africans of European ancestry|European]]",
  "ethnic_groups_year": "2000",
  "demonym": "Angolan",
  "government_type": "[[Unitary state|Unitary]] [[Dominant-party system|dominant-party]] [[Presidential system|presidential]] [[republic|constitutional republic]]",
  "leader_title1": "[[President of Angola|President]]",
  "leader_name1": "[[Jo\u00e3o Louren\u00e7o|Jo\u00e3o Manuel Gon\u00e7alves Louren\u00e7o]]",
  "leader_title2": "[[Vice President of Angola|Vice President]]",
  "leader_name2": "[[Bornito de Sousa]]",
  "legislature": "[[National Assembly (Angola)|National Assembly]]",
  "sovereignty_type": "[[History of Angola|Formation]]",
  "established_event1": "[[Angolan War of Independence|Independence]] from [[Portugal]], under [[People's Republic of Angola|Communist rule]]",
  "established_date1": "11 November 1975",
  "established_event2": "[[United Nations]] [[United Nations Security Council Resolution 397|full membership]]",
  "established_date2": "22 November 1976",
  "established_event3": "[[Constitution of Angola|Current constitution]]",
  "established_date3": "21 January 2010",
  "area_km2": "1246700",
  "area_rank": "22nd",
  "area_sq_mi": "481354",
  "percent_water": "negligible",
  "population_estimate": "25,789,024",
  "population_estimate_year": "2014",
  "population_estimate_rank": "59th",
  "population_census_year": "2014",
  "population_density_km2": "20.69",
  "population_density_sq_mi": "53.57",
  "population_density_rank": "199th",
  "GDP_PPP": "$208.034&nbsp;billion",
  "GDP_PPP_year": "2019",
  "GDP_PPP_rank": "64th",
  "GDP_PPP_per_capita": "$6,850",
  "GDP_PPP_per_capita_rank": "107th",
  "GDP_nominal": "$124.600 billion",
  "GDP_nominal_rank": "61st",
  "GDP_nominal_per_capita_rank": "91st",
  "Gini": "42.7",
  "Gini_year": "2009",
  "GDP_nominal_year": "2019",
  "GDP_nominal_per_capita": "$4,101",
  "HDI": "0.581",
  "HDI_year": "2017",
  "HDI_change": "increase",
  "HDI_rank": "147th",
  "currency": "[[Angolan kwanza|Kwanza]]",
  "currency_code": "AOA",
  "time_zone": "[[West Africa Time|WAT]]",
  "utc_offset": "+1",
  "drives_on": "Right",
  "calling_code": "[[Telephone numbers in Angola|+244]]",
  "cctld": "[[.ao]]"
}