{
  "conventional_long_name": "Republic of Benin",
  "native_name": "{{smaller|native name|fr|R\u00e9publique du B\u00e9nin}} {{native name|fr|R\u00e9publique du B\u00e9nin}}",
  "common_name": "Benin",
  "image_flag": "Flag of Benin.svg",
  "flag_size": "102px",
  "image_coat": "Coat of arms of Benin.svg",
  "symbol_type": "[[Coat of arms of Benin|Seal]]",
  "image_map": "Location Benin AU Africa.svg",
  "map_caption": "{{map caption|location_color|=|dark blue|region|=|Africa|region_color|=|dark grey|subregion|=|the [[African Union]]|subregion_color|=|light blue}}",
  "national_motto": "{{vunblist|native phrase|fr|\"Fraternit\u00e9, Justice, Travail\"|italics|=|off|nolink|=|yes|small|\"Fraternity, Justice, Labour\"}} {{native phrase|fr|\"Fraternit\u00e9, Justice, Travail\"|italics|=|off|nolink|=|yes}} {{small|\"Fraternity, Justice, Labour\"}}",
  "national_anthem": "{{vunblist|class|=|nowrap|native phrase|fr|[[L'Aube Nouvelle]]|nolink|=|yes|small|''The Dawn of a New Day''|<center>[[File:L'Aube Nouvelle.ogg|L'Aube Nouvelle]]</center>}} {{native phrase|fr|[[L'Aube Nouvelle]]|nolink|=|yes}} {{small|''The Dawn of a New Day''}} <center>[[File:L'Aube Nouvelle.ogg|L'Aube Nouvelle]]</center>",
  "official_languages": "[[French language|French]]",
  "languages_type": "[[Indigenous language]]s",
  "languages": "{{hlist|[[Fon language|Fon]]|[[Yoruba language|Yoruba]]}}",
  "demonym": "{{hlist|Beninese}}",
  "ethnic_groups_year": "2013 Census",
  "capital": "[[Porto-Novo]]",
  "coordinates": "{{Coord|6|30|N|2|36|E|type:city}}",
  "largest_city": "[[Cotonou]]",
  "government_type": "{{nowrap|[[Unitary state|Unitary]] [[Presidential system|presidential]] [[republic]]}}",
  "leader_title1": "[[List of heads of state of Benin|President]]",
  "leader_name1": "[[Patrice Talon]]",
  "leader_title2": "[[List of Presidents of the National Assembly of Benin|President of the National Assembly]]",
  "leader_name2": "[[Louis Vlavonou]]",
  "legislature": "[[National Assembly (Benin)|National Assembly]]",
  "sovereignty_type": "[[Independence]]",
  "established_event1": "from [[France]]",
  "established_date1": "1 August 1960",
  "area_rank": "100th",
  "area_km2": "114763",
  "percent_water": "0.4%",
  "population_estimate": "{{UN_Population|Benin}} {{UN_Population|ref}}",
  "population_estimate_rank": "82nd",
  "population_estimate_year": "{{UN_Population|Year}}",
  "population_census": "10,008,749",
  "population_census_year": "2013",
  "population_density_km2": "94.8",
  "population_density_rank": "120th",
  "GDP_PPP": "$27.546 billion",
  "GDP_PPP_rank": "137th",
  "GDP_PPP_year": "2018",
  "GDP_PPP_per_capita": "$2,411",
  "GDP_PPP_per_capita_rank": "163rd",
  "GDP_nominal": "$10.546 billion",
  "GDP_nominal_rank": "141st",
  "GDP_nominal_year": "2018",
  "GDP_nominal_per_capita": "$923",
  "GDP_nominal_per_capita_rank": "163rd",
  "Gini_year": "2015",
  "Gini_change": "increase",
  "Gini": "47.8",
  "HDI_year": "2015",
  "HDI_change": "increase",
  "HDI": "0.485",
  "HDI_rank": "167th",
  "currency": "[[West African CFA franc]]",
  "currency_code": "XOF",
  "time_zone": "[[West Africa Time|WAT]]",
  "utc_offset": "+1",
  "drives_on": "right",
  "calling_code": "[[+229]]",
  "cctld": "[[.bj]]",
  "footnote_a": "[[Cotonou]] is the seat of government."
}