{
  "conventional_long_name": "Republic of Botswana",
  "common_name": "Botswana",
  "native_name": "{{smaller|native name|tn|Lefatshe la Botswana}} {{native name|tn|Lefatshe la Botswana}}",
  "image_flag": "Flag of Botswana.svg",
  "image_coat": "Arms of Botswana.svg",
  "national_motto": "{{native phrase|tn|\"Pula!\"|italics|=|off|nolink|=|yes}} <br/> {{small|\"Rain\"}}",
  "national_anthem": "{{native phrase|tn|[[Fatshe leno la rona]]|nolink|=|yes}} <br/> {{small|''Blessed Be Our Noble Land''}} <br/><center>[[File:United States Navy Band - Fatshe leno la rona.ogg]]</center>",
  "image_map": "Location Botswana AU Africa.svg",
  "map_caption": "{{map caption |location_color|=|dark blue |region|=|the [[African Union]] |region_color|=|light blue}}",
  "capital": "[[Gaborone]]",
  "coordinates": "{{Coord|24|39.5|S|25|54.5|E|type:city}}",
  "largest_city": "capital",
  "official_languages": "[[English language|English]], [[Tswana language|Setswana]]",
  "ethnic_groups": "{{Unbulleted list|80% [[Tswana people|Tswana]] |10% [[Kalanga people|Kalanga]] |2.9% [[San people|Basarwa]] |3.1% [[White people in Botswana|White]] |4% Other (including Shona and Kgalagadi)}}",
  "religion": "{{Unbulleted list|73%\n [[Christianity|Christian]] |20% [[Irreligion|No religion]] |6% [[African traditional religion]] |1% Others (includes [[Baha'i]], [[Hinduism|Hindu]], [[Islam]], [[Rastafarian]])|ref| name=pew}}",
  "demonym": "{{Unbulleted list|[[Batswana]] (plural) |Motswana (singular)}}",
  "government_type": "[[Unitary state|Unitary]] [[parliamentary system|parliamentary]] [[constitutional republic]]",
  "leader_title1": "[[President of Botswana|President]]",
  "leader_name1": "[[Mokgweetsi Masisi]]",
  "leader_title2": "[[Vice-President of Botswana|Vice-President]]",
  "leader_name2": "[[Slumber Tsogwane]]",
  "leader_title3": "[[Speaker of the National Assembly of Botswana|National Assembly Speaker]]",
  "leader_name3": "[[Gladys Kokorwe]]",
  "leader_title4": "[[Chief Justice of Botswana|Chief Justice]]",
  "leader_name4": "[[Terence Rannowane]]",
  "legislature": "[[National Assembly (Botswana)|National Assembly]]",
  "sovereignty_type": "[[Independence]]",
  "sovereignty_note": "from the [[United Kingdom]]",
  "established_event1": "Established ([[Constitution of Botswana|Constitution]])",
  "established_date1": "30 September 1966",
  "area_km2": "581,730",
  "area_rank": "47th",
  "area_sq_mi": "224,610",
  "percent_water": "2.7",
  "population_estimate": "{{UN_Population|Botswana}} {{UN_Population|ref}}",
  "population_census": "1,914,228",
  "population_estimate_year": "{{UN_Population|Year}}",
  "population_estimate_rank": "145th",
  "population_census_year": "2011",
  "population_density_km2": "3.7",
  "population_density_sq_mi": "9.07",
  "population_density_rank": "231st",
  "GDP_PPP": "$44.3 billion",
  "GDP_PPP_year": "2019",
  "GDP_PPP_per_capita": "$18,653.684",
  "GDP_nominal": "$19.651 billion",
  "GDP_nominal_year": "2019",
  "GDP_nominal_per_capita": "8,263.22",
  "Gini": "53.3",
  "Gini_year": "2015",
  "Gini_change": "decrease",
  "HDI": "0.717",
  "HDI_year": "2017",
  "HDI_change": "increase",
  "HDI_rank": "101st",
  "currency": "[[Botswana pula]]",
  "currency_code": "BWP",
  "time_zone": "[[Central Africa Time]]",
  "utc_offset": "+2",
  "date_format": "DD/MM/YYYY",
  "drives_on": "[[Right- and left-hand traffic|left]]",
  "calling_code": "[[+267]]",
  "cctld": "[[.bw]]",
  "official_website": "{{URL|http://www.gov.bw/}}"
}