{
  "conventional_long_name": "Burkina Faso",
  "common_name": "Burkina Faso",
  "image_flag": "Flag of Burkina Faso.svg",
  "image_coat": "Coat of arms of Burkina Faso.svg",
  "national_motto": "{{native phrase|fr|\"Unit\u00e9\u2013Progr\u00e8s\u2013Justice\"|italics|=|off}} <br/> {{small|\"Unity\u2013Progress\u2013Justice\"}}",
  "national_anthem": "{{nowrap|native phrase|fr|[[Une Seule Nuit]] / Ditany\u00e8|nolink|=|yes|<br/>|small|''One Single Night / Hymn of Victory''}} <br/><center>[[File:Hymne National du Burkina Faso.ogg]]</center> {{native phrase|fr|[[Une Seule Nuit]] / Ditany\u00e8|nolink|=|yes}} <br/> {{small|''One Single Night / Hymn of Victory''}}",
  "image_map": "Location Burkina Faso AU Africa.svg",
  "map_caption": "{{map caption|countryprefix|=|location_color|=|dark blue|region|=|[[Africa]]|region_color|=|dark grey|subregion|=|the [[African Union]]|subregion_color|=|light blue|legend|=|Location Burkina Faso AU Africa.svg}}",
  "image_map2": "Burkina Faso - Location Map (2013) - BFA - UNOCHA.svg",
  "capital": "[[Ouagadougou]]",
  "coordinates": "{{Coord|12|20|N|1|40|W|type:city}}",
  "largest_city": "capital",
  "official_languages": "[[French language|French]]",
  "national_languages": "[[M\u00f2or\u00e9 language|M\u00f2or\u00e9]]<br/> [[Fula language|Fula]]<br/>[[Dioula language|Dioula]]",
  "ethnic_groups": "{{vunblist\n|47.9% [[Mossi people|Mossi]]\n|10.3% [[Fula people|Fula]]\n|6.9% [[Lobi people|Lobi]]\n|6.9% [[Bobo people|Bobo]]\n|6.7% [[Mand\u00e9 peoples|Mand\u00e9]]\n|5.3% [[Senufo people|Senufo]]\n|5.0% [[Gurunsi]]\n|4.8% [[Gurma people|Gurma]]\n|3.1% [[Tuareg people|Tuareg]]}}",
  "ethnic_groups_year": "1995",
  "demonym": "{{hlist|Burkinab\u00e9|Burkinab\u00e8|Burkinese}}",
  "government_type": "[[Unitary state|Unitary]] [[Semi-presidential system|semi-presidential]] [[republic]]",
  "leader_title1": "[[List of heads of state of Burkina Faso|President]]",
  "leader_name1": "[[Roch Marc Christian Kabor\u00e9]]",
  "leader_title2": "[[List of heads of government of Burkina Faso|Prime Minister]]",
  "leader_name2": "[[Christophe Joseph Marie Dabir\u00e9]]",
  "legislature": "[[National Assembly of Burkina Faso|National Assembly]]",
  "sovereignty_type": "[[Independence]]",
  "established_event1": "from [[France]]",
  "established_date1": "5&nbsp;August 1960",
  "area_km2": "274,200",
  "area_rank": "74th",
  "area_sq_mi": "105,869",
  "percent_water": "0.146%",
  "population_estimate": "20,107,509",
  "population_census": "14,017,262",
  "population_estimate_year": "2017",
  "population_estimate_rank": "61st",
  "population_census_year": "2006",
  "population_density_km2": "64",
  "population_density_sq_mi": "163,63",
  "population_density_rank": "137th",
  "GDP_PPP": "$41.903 billion",
  "GDP_PPP_year": "2019",
  "GDP_PPP_per_capita": "$2,096",
  "GDP_nominal": "$14.882 billion",
  "GDP_nominal_year": "2019",
  "GDP_nominal_per_capita": "$744",
  "Gini": "39.5",
  "Gini_year": "2007",
  "HDI": "0.423",
  "HDI_year": "2017",
  "HDI_change": "increase",
  "HDI_rank": "183rd",
  "currency": "[[West African CFA franc]]",
  "currency_code": "XOF",
  "time_zone": "[[GMT]]",
  "utc_offset": "+0",
  "drives_on": "right",
  "calling_code": "[[+226]]",
  "iso3166code": "BF",
  "cctld": "[[.bf]]",
  "footnotes": "The data here is an estimation for the year 2005 produced by the International Monetary Fund in April 2005."
}