{
  "conventional_long_name": "Republic of Burundi",
  "native_name": "{{ublist|item_style|=|font-size:88%; |native name|rn|Republika y'Uburundi| |native name|fr|R\u00e9publique du Burundi}} {{native name|rn|Republika y'Uburundi}} {{native name|fr|R\u00e9publique du Burundi}}",
  "common_name": "Burundi",
  "image_flag": "Flag of Burundi.svg",
  "image_coat": "Coat of arms of Burundi.svg",
  "image_map": "Location Burundi AU Africa.svg",
  "map_caption": "{{map caption |countryprefix|=| |location_color|=|dark blue |region|=|Africa |region_color|=|dark grey |subregion|=|the [[African Union]] |subregion_color|=|light blue}}",
  "national_motto": "{{unbulleted list\n  |native phrase|rn|\"Ubumwe, Ibikorwa, Amajambere\"|italics|=|off|nolink|=|on|\n  |native phrase|fr|\"Unit\u00e9, Travail, Progr\u00e8s\"|italics|=|off|nolink|=|on|\n  |native phrase|en|\"Union, Work, Progress\"|italics|=|off|nolink|=|on|}} {{native phrase|rn|\"Ubumwe, Ibikorwa, Amajambere\"|italics|=|off|nolink|=|on}} {{native phrase|fr|\"Unit\u00e9, Travail, Progr\u00e8s\"|italics|=|off|nolink|=|on}} {{native phrase|en|\"Union, Work, Progress\"|italics|=|off|nolink|=|on}}",
  "national_anthem": "{{native phrase|rn|[[Burundi Bwacu]]|nolink|=|yes}} <br/> {{small|''Our Burundi''}} <br />",
  "languages_type": "[[Official language]]s",
  "languages": "[[Kirundi language|Kirundi]] (national and official)<br/>[[French language|French]] (official)<br/>[[English language|English]] (official)",
  "capital": "[[Gitega]] {{efn|name|=|central_cities|While Gitega has been established as the political capital, Bujumbura is still the seat of the government and economic capital.}}",
  "coordinates": "{{Coord|3|30|S|30|00|E|type:city}}",
  "largest_city": "[[Bujumbura]] {{efn|name|=|central_cities}}",
  "demonym": "Burundian",
  "ethnic_groups": "{{ublist |85% [[Hutu]] |14% [[Tutsi]] |nbsp|2|1% [[Twa]] |~3,000 Europeans |nowrap|~2,000 South Asians}} {{nbsp|2}} 1% [[Twa]] {{nowrap|~2,000 South Asians}}",
  "government_type": "[[Unitary state|Unitary]] [[Presidential system|presidential]] [[republic]]",
  "leader_title1": "[[List of Presidents of Burundi|President]]",
  "leader_name1": "[[Pierre Nkurunziza]]",
  "leader_title2": "[[Vice President of Burundi|1st Vice-President]]",
  "leader_name2": "[[Gaston Sindimwo]]",
  "leader_title3": "[[Vice President of Burundi|2nd Vice-President]]",
  "leader_name3": "Dr. Joseph Butore",
  "legislature": "[[Parliament of Burundi|Parliament]]",
  "upper_house": "[[Senate (Burundi)|Senate]]",
  "lower_house": "[[National Assembly (Burundi)|National Assembly]]",
  "sovereignty_type": "Status",
  "established_event1": "Part of [[Ruanda-Urundi]]<br> {{small|([[United Nations trust territories|UN trust territory]])}}",
  "established_date1": "1945\u20131962",
  "established_event2": "Independence from [[Belgium]]",
  "established_date2": "1 July 1962",
  "established_event3": "Republic",
  "established_date3": "1 July 1966",
  "established_event4": "[[Constitution of Burundi]]",
  "established_date4": "28 February 2005",
  "area_km2": "27834",
  "area_rank": "142nd",
  "percent_water": "10",
  "population_estimate": "{{UN_Population|Burundi}} {{UN_Population|ref}}",
  "population_estimate_year": "{{UN_Population|Year}}",
  "population_estimate_rank": "86th",
  "population_census": "12119000",
  "population_census_year": "2019",
  "population_density_km2": "401.6",
  "GDP_PPP_year": "2019",
  "GDP_PPP": "$8.380 billion",
  "GDP_PPP_per_capita": "$727",
  "GDP_nominal": "$3.573 billion",
  "GDP_nominal_year": "2019",
  "GDP_nominal_per_capita": "$310",
  "Gini_year": "2013",
  "Gini_change": "Decrease",
  "Gini": "39.2",
  "HDI_year": "2015",
  "HDI_change": "decrease",
  "HDI": "0.404",
  "HDI_rank": "184th",
  "currency": "[[Burundian franc]] (FBu)",
  "currency_code": "BIF",
  "time_zone": "[[Central Africa Time|CAT]]",
  "utc_offset": "+2",
  "drives_on": "right",
  "date_format": "dd/mm/yyyy",
  "calling_code": "[[+257]]",
  "cctld": "[[.bi]]"
}