{
  "conventional_long_name": "Republic of Cameroon",
  "common_name": "Cameroon",
  "native_name": "{{native name|fr|R\u00e9publique du Cameroun}}",
  "image_flag": "Flag of Cameroon.svg",
  "alt_flag": "Vertical tricolor (green, red, yellow) with a five-pointed gold star in the center of the red.",
  "image_coat": "Coat of arms of Cameroon.svg",
  "symbol_type": "Coat of arms",
  "national_motto": "<br /> {{native phrase|fr|\"Paix \u2013 Travail \u2013 Patrie\"|italics|=|off}} <br /> {{small|\"Peace \u2013 Work \u2013 Fatherland\"}}",
  "national_anthem": "<br /> {{native phrase|fr|[[O Cameroon, Cradle of our Forefathers|\u00d4 Cameroun, Berceau de nos Anc\u00eatres]]|nolink|=|yes}} <br /> {{raise|0.2em|(|Lang-en|\"O Cameroon, Cradle of our Forefathers\"|)}} <br /><center>[[File:United States Navy Band - Chant de Ralliement.ogg]]</center> {{Lang-en|\"O Cameroon, Cradle of our Forefathers\"}} )",
  "image_map": "Location Cameroon AU Africa.svg",
  "alt_map": "Location of Cameroon on the globe.",
  "image_map2": "Cameroon - Location Map (2013) - CMR - UNOCHA.svg",
  "capital": "[[Yaound\u00e9]]",
  "coordinates": "{{Coord|3|52|N|11|31|E|type:city}}",
  "largest_city": "[[Douala]]",
  "official_languages": "[[English language|English]]<br>[[French language|French]]",
  "regional_languages": "[[German language|German]] , [[Cameroonian Pidgin English]], [[Fula language|Fula]], [[Ewondo language|Ewondo]], [[Camfranglais]]",
  "ethnic_groups": "{{vunblist\n | |nowrap|31% [[Ethnic groups in Cameroon|Cameroon Highlanders]]|\n | 19% [[Bantu peoples|Equatorial Bantu]]\n | 11% [[Kirdi]]\n | 10% [[Fula people|Fulani]]\n | 8% [[Bantu peoples|Northwestern Bantu]]\n | 7% Eastern Nigritic\n | 13% other African\n | <1% non-African}} {{nowrap|31% [[Ethnic groups in Cameroon|Cameroon Highlanders]]}}",
  "demonym": "Cameroonian",
  "government_type": "[[Unitary state|Unitary]] [[dominant-party system|dominant-party]] [[presidential system|presidential republic]] under an [[Authoritarianism|authoritarian]] [[dictatorship]]",
  "leader_title1": "[[President of Cameroon|President]]",
  "leader_name1": "[[Paul Biya]]",
  "leader_title2": "[[Prime Minister of Cameroon|Prime Minister]]",
  "leader_name2": "[[Joseph Ngute]]",
  "legislature": "[[Parliament of Cameroon|Parliament]]",
  "upper_house": "[[Senate (Cameroon)|Senate]]",
  "lower_house": "[[National Assembly (Cameroon)|National Assembly]]",
  "sovereignty_type": "Independence {{nobold|from [[France]]}}",
  "established_event1": "Declared",
  "established_date1": "1 January 1960",
  "established_event2": "{{nowrap|Union with the former<br />[[British Cameroons]]}}",
  "established_date2": "1 October 1961",
  "area_km2": "475,442",
  "area_rank": "53rd",
  "area_sq_mi": "183,569",
  "percent_water": "0.57",
  "population_estimate": "{{UN_Population|Cameroon}} {{UN_Population|ref}}",
  "population_census": "17,463,836",
  "population_estimate_year": "{{UN_Population|Year}}",
  "population_estimate_rank": "56th",
  "population_census_year": "2005",
  "population_density_km2": "39.7",
  "population_density_sq_mi": "102,8",
  "population_density_rank": "167th",
  "GDP_PPP": "$95.068 billion",
  "GDP_PPP_year": "2018",
  "GDP_PPP_rank": "93rd",
  "GDP_PPP_per_capita": "$3,820",
  "GDP_PPP_per_capita_rank": "152nd",
  "GDP_nominal": "$38.445 billion",
  "GDP_nominal_rank": "98th",
  "GDP_nominal_year": "2018",
  "GDP_nominal_per_capita": "$1,544",
  "GDP_nominal_per_capita_rank": "152nd",
  "Gini": "46.6",
  "Gini_year": "2014",
  "HDI": "0.556",
  "HDI_year": "2017",
  "HDI_change": "increase",
  "HDI_rank": "151st",
  "currency": "[[Central African CFA franc]]",
  "currency_code": "XAF",
  "time_zone": "[[West Africa Time|WAT]]",
  "utc_offset": "+1",
  "drives_on": "Right",
  "calling_code": "[[+237]]",
  "cctld": "[[.cm]]",
  "footnote_a": "These are the titles as given in the ''Constitution of the Republic of Cameroon'', Article X ( {{webarchive |url|=|https://web.archive.org/web/20060228030033/http://confinder.richmond.edu/admin/docs/Cameroon.pdf |date|=|28 February 2006 |title|=|English}} and {{webarchive |url|=|https://web.archive.org/web/20060228030033/http://www.prc.cm/instit/consti.htm |date|=|28 February 2006 |title|=|French}} versions). 18 January 1996. The French version of the song is sometimes called {{lang|fr|Chant de Ralliement}} , as in Swarovski Orchestra (2004). ''National Anthems of the World''. Koch International Classics; and the English version \"O Cameroon, Cradle of Our Forefathers\", as in [[#DeLancey|DeLancey and DeLancey]] 61."
}