{
  "conventional_long_name": "Republic of Chad",
  "common_name": "Chad",
  "native_name": "{{lang|fr|R\u00e9publique du Tchad}} ([[French language|French]])<br> {{lang|ar|\u062c\u0645\u0647\u0648\u0631\u064a\u0629 \u062a\u0634\u0627\u062f|rtl|=|yes}} ([[Arabic]])<br> {{small|transl|ar|Jumh\u016briyyat Tsh\u0101d}} {{transl|ar|Jumh\u016briyyat Tsh\u0101d}}",
  "image_flag": "Flag of Chad.svg",
  "image_coat": "Coat of arms of Chad.svg",
  "symbol_type": "Coat of arms",
  "national_motto": "{{vunblist |native phrase|fr|\"Unit\u00e9, Travail, Progr\u00e8s\"|italics|=|off| |small|\"Unity, Work, Progress\"|native phrase|ar|\"\u0627\u0644\u0627\u062a\u062d\u0627\u062f\u060c \u0627\u0644\u0639\u0645\u0644\u060c \u0627\u0644\u062a\u0642\u062f\u0645\"|italics|=|off}} {{native phrase|fr|\"Unit\u00e9, Travail, Progr\u00e8s\"|italics|=|off}} {{small|\"Unity, Work, Progress\"}} {{native phrase|ar|\"\u0627\u0644\u0627\u062a\u062d\u0627\u062f\u060c \u0627\u0644\u0639\u0645\u0644\u060c \u0627\u0644\u062a\u0642\u062f\u0645\"|italics|=|off}}",
  "national_anthem": "{{vunblist |native name|fr|[[La Tchadienne]]|nolink|=|yes| |native name|ar|\u0646\u0634\u064a\u062f \u062a\u0634\u0627\u062f \u0627\u0644\u0648\u0637\u0646\u064a|nolink|=|yes|small|''The Chadian Hymn''}} <div style=\"padding-top:0.5em;\" class=\"center\">[[File:La Tchadienne (instrumental).ogg]]</div> {{native name|fr|[[La Tchadienne]]|nolink|=|yes}} {{native name|ar|\u0646\u0634\u064a\u062f \u062a\u0634\u0627\u062f \u0627\u0644\u0648\u0637\u0646\u064a|nolink|=|yes}} {{small|''The Chadian Hymn''}}",
  "image_map": "Chad (orthographic projection).svg",
  "capital": "[[N'Djamena]]",
  "coordinates": "{{Coord|12|06|N|16|02|E|type:city}}",
  "largest_city": "capital",
  "official_languages": "{{vunblist |[[Arabic]]|[[French language|French]]}}",
  "ethnic_groups": "{{vunblist\n  | 30.5% [[Sara people|Sara]]\n  | 9.8% [[Kanembu people|Kanembu]]/[[Buduma people|Buduma]]\n  | 9.7% [[Arab]]\n  | 7% [[Masalit people|Masalit]]\n  | 5.8% [[Gorane]]\n  | 4.9% [[Masa people|Masa]]/[[Musgum people|Musgum]]\n  | 29.4% [[Ethnic groups in Chad|Other Chadian ethnicities]]\n  | 0.9% Chadians of foreign ethnicities\n  | 0.3% Foreign nationals\n  | 1.7% Unspecified}}",
  "ethnic_groups_year": "2014\u201315",
  "demonym": "Chadian",
  "government_type": "[[Unitary state|Unitary]] [[Dominant-party system|dominant-party]] [[Presidential system|presidential]] [[republic]] ([[de jure]]) under an [[Authoritarianism|authoritarian]] [[dictatorship]] ([[de facto]])",
  "leader_title1": "[[Heads of state of Chad|President]]",
  "leader_name1": "[[Idriss Deby]]",
  "leader_title2": "[[List of Presidents of the National Assembly of Chad|President of the National Assembly]]",
  "leader_name2": "[[Haroun Kabadi]]",
  "legislature": "[[National Assembly (Chad)|National Assembly]]",
  "sovereignty_type": "[[History of Chad|Independence]]",
  "established_event1": "from [[France]]",
  "established_date1": "11 August 1960",
  "area_km2": "1284000",
  "area_rank": "20th",
  "percent_water": "1.9",
  "population_estimate": "13,670,084",
  "population_census": "11,039,873",
  "population_estimate_year": "2015",
  "population_census_year": "2009",
  "population_density_km2": "8.6",
  "GDP_PPP": "$30 billion",
  "GDP_PPP_year": "2018",
  "GDP_PPP_rank": "123rd",
  "GDP_PPP_per_capita": "$2,428",
  "GDP_PPP_per_capita_rank": "150th",
  "GDP_nominal": "$11 billion",
  "GDP_nominal_year": "2018",
  "GDP_nominal_rank": "130th",
  "GDP_nominal_per_capita": "$890",
  "GDP_nominal_per_capita_rank": "151st",
  "Gini": "43.3",
  "Gini_year": "2011",
  "HDI": "0.404",
  "HDI_year": "2017",
  "HDI_change": "decrease",
  "HDI_rank": "186th",
  "currency": "[[Central African CFA franc]]",
  "currency_code": "XAF",
  "time_zone": "[[West Africa Time|WAT]]",
  "utc_offset": "+1",
  "drives_on": "right",
  "calling_code": "[[+235]]",
  "cctld": "[[.td]]"
}