{
  "conventional_long_name": "Union of the Comoros",
  "common_name": "Comoros",
  "native_name": "{{ubl|native name|ar|\u0627\u0644\u0627\u062a\u062d\u0627\u062f \u0627\u0644\u0642\u0645\u0631\u064a|''|transl|ar|DIN|al-Itti\u1e25\u0101d al-Qumur\u012b/Qamar\u012b|''|native name|fr|Union des Comores|native name|zdj|Umoja wa Komori}} {{native name|ar|\u0627\u0644\u0627\u062a\u062d\u0627\u062f \u0627\u0644\u0642\u0645\u0631\u064a}} {{transl|ar|DIN|al-Itti\u1e25\u0101d al-Qumur\u012b/Qamar\u012b}} '' {{native name|fr|Union des Comores}} {{native name|zdj|Umoja wa Komori}}",
  "image_flag": "Flag of the Comoros.svg",
  "image_coat": "Seal of the Comoros.svg",
  "symbol_type": "Seal",
  "image_map": "Location Comoros AU Africa.svg",
  "map_caption": "{{map caption |countryprefix|=|the |location_color|=|dark blue |region|=|Africa |region_color|=|dark grey |subregion|=|the [[African Union]] |subregion_color|=|light blue}}",
  "image_map2": "Comoros - Location Map (2013) - COM - UNOCHA.svg",
  "national_motto": "{{vunblist |native phrase|ar|\u0648\u062d\u062f\u0629\u060c \u062a\u0636\u0627\u0645\u0646\u060c \u062a\u0646\u0645\u064a\u0629|italics|=|off| |native phrase|fr|\"Unit\u00e9 \u2013 Solidarit\u00e9 \u2013 D\u00e9veloppement\"|italics|=|off| |small|\"Unity \u2013 Solidarity \u2013 Development\"}} {{native phrase|ar|\u0648\u062d\u062f\u0629\u060c \u062a\u0636\u0627\u0645\u0646\u060c \u062a\u0646\u0645\u064a\u0629|italics|=|off}} {{native phrase|fr|\"Unit\u00e9 \u2013 Solidarit\u00e9 \u2013 D\u00e9veloppement\"|italics|=|off}} {{small|\"Unity \u2013 Solidarity \u2013 Development\"}}",
  "national_anthem": "''[[Udzima wa ya Masiwa]]'' {{nbsp|2}} {{small|(Comorian)}} <br /> {{small|''The Unity of the Great Islands''}} <div style=\"padding-top:0.5em;\">[[File:National Anthem of Comoros by US Navy Band.ogg|center]]</div>",
  "official_languages": "{{hlist |[[Comorian language|Comorian]]|[[Arabic language|Arabic]]|[[French language|French]]}}",
  "ethnic_groups": "{{ublist|[[Afro-Arab]] 86%|[[Malagasy people|Malagasy]] 14%}}",
  "demonym": "Comorian",
  "capital": "[[Moroni, Comoros|Moroni]]",
  "coordinates": "{{Coord|11|41|S|43|16|E|type:city}}",
  "largest_city": "capital",
  "religion": "[[Sunni Islam]]",
  "government_type": "[[Federal state|Federal]] [[Presidential system|presidential]] [[republic]]",
  "leader_title1": "[[President of the Comoros|President]]",
  "leader_name1": "[[Azali Assoumani|Azali Bokassa Assoumani]]",
  "legislature": "{{nowrap|[[Assembly of the Union of the Comoros|Assembly of the Union]]}}",
  "area_rank": "171th<sup>a</sup>",
  "area_km2": "1,659",
  "area_sq_mi": "719",
  "percent_water": "negligible",
  "population_estimate": "850,688",
  "population_estimate_year": "2018",
  "population_estimate_rank": "160th",
  "population_density_km2": "457",
  "population_density_sq_mi": "1,184",
  "population_density_rank": "27th",
  "GDP_PPP_year": "2019",
  "GDP_PPP": "$1.457 billion",
  "GDP_PPP_per_capita": "$1,669",
  "GDP_PPP_rank": "178th",
  "GDP_PPP_per_capita_rank": "177th",
  "GDP_nominal": "$781 million",
  "GDP_nominal_year": "2019",
  "GDP_nominal_per_capita": "$894",
  "GDP_nominal_rank": "182nd",
  "GDP_nominal_per_capita_rank": "165th",
  "Gini_year": "2013",
  "Gini_change": "decrease",
  "Gini": "45.0",
  "Gini_rank": "141st",
  "HDI_year": "2018",
  "HDI_change": "increase",
  "HDI": "0.503",
  "HDI_rank": "160th",
  "sovereignty_type": "[[History of the Comoros|Formation]]",
  "established_event2": "[[Grande Comore|Ngazidja]], [[Anjouan|Ndzuwani]], [[Moh\u00e9li|Mwali]] under French rule",
  "established_date2": "1886",
  "established_event3": "Protectorate of the Comoros",
  "established_date3": "6 September 1887",
  "established_event4": "Territory under [[French Madagascar]]",
  "established_date4": "9 April 1908",
  "established_event5": "[[French overseas departments and territories|Overseas territory]]",
  "established_date5": "27 October 1946",
  "established_event6": "State of Comoros",
  "established_date6": "22 December 1961",
  "established_event7": "Independence from [[France]]",
  "established_date7": "6 July 1975",
  "established_event8": "Federal and Islamic Republic of Comoros",
  "established_date8": "24 May 1978",
  "established_event9": "Union of the Comoros",
  "established_date9": "23 December 2001",
  "established_event10": "[[Constitution of the Comoros|Current constitution]]",
  "established_date10": "17 May 2009",
  "currency": "[[Comorian franc]]",
  "currency_code": "KMF",
  "time_zone": "[[East Africa Time|EAT]]",
  "utc_offset": "+3",
  "drives_on": "Right",
  "calling_code": "[[+269]]",
  "cctld": "[[.km]]",
  "footnote_a": "Excluding [[Mayotte]], an overseas department of [[France]].",
  "footnote_b": "Excluding Mayotte."
}