{
  "conventional_long_name": "Democratic Republic of the Congo",
  "native_name": "{{resize|80%|native name|fr|R\u00e9publique d\u00e9mocratique du Congo}} <br> {{native name|fr|R\u00e9publique d\u00e9mocratique du Congo}} {{resize|80%|native name|kg|Repubilika ya K\u00f4ngo ya Dimokalasi}} <br> {{native name|kg|Repubilika ya K\u00f4ngo ya Dimokalasi}} {{resize|80%|native name|ln|Republ\u00edki ya Kong\u00f3 Demokrat\u00edki}} <br> {{native name|ln|Republ\u00edki ya Kong\u00f3 Demokrat\u00edki}} {{resize|80%|native name|sw|Jamhuri ya Kidemokrasia ya Kongo}} <br> {{native name|sw|Jamhuri ya Kidemokrasia ya Kongo}} {{resize|80%|native name|lu|Ditunga dia Kongu wa Mungalaata}} {{native name|lu|Ditunga dia Kongu wa Mungalaata}}",
  "image_flag": "Flag of the Democratic Republic of the Congo.svg",
  "image_coat": "Coat of arms of the Democratic Republic of the Congo.svg",
  "symbol_type": "[[Emblem of the Democratic Republic of the Congo|Coat of arms]]",
  "national_motto": "{{native phrase|fr|\"Justice&nbsp;\u2013 Paix&nbsp;\u2013 Travail\"|italics|=|off|nolink|=|on}} <br> {{small|\"Justice&nbsp;\u2013 Peace&nbsp;\u2013 Work\"}}",
  "national_anthem": "{{native name|fr|[[Debout Congolais]]|nolink|=|on}} <br> {{small|\"Arise, Congolese\"}} <div style=\"padding-top:0.5em;\">[[File:National anthem of the Democratic Republic of the Congo.ogg|center]]</div>",
  "image_map": "Democratic_Republic_of_the_Congo_(orthographic_projection).svg",
  "map_caption": "{{map caption |countryprefix|=| |location_color|=|dark green}}",
  "capital": "[[Kinshasa]]",
  "coordinates": "{{Coord|4|19|S|15|19|E|type:city}}",
  "largest_city": "capital",
  "official_languages": "[[French language|French]]",
  "national_languages": "{{unbulleted list |[[Lingala language|Lingala]] |[[Kikongo]] |[[Swahili language|Swahili]] |[[Luba-Kasai language|Tshiluba]]}}",
  "ethnic_groups": "''See [[#Ethnic groups|Ethnic groups]] section below''",
  "demonym": "<span class=\"nowikilink\">Congolese</span>",
  "government_type": "[[Unitary state|Unitary]] [[Semi-presidential system|semi-presidential republic]]",
  "leader_title1": "[[President of the Democratic Republic of the Congo|President]]",
  "leader_name1": "[[F\u00e9lix Tshisekedi]]",
  "leader_title2": "[[Prime Minister of the Democratic Republic of the Congo|Prime Minister]]",
  "leader_name2": "[[Sylvestre Ilunga]]",
  "legislature": "[[Parliament of the Democratic Republic of the Congo|Parliament]]",
  "upper_house": "[[Senate (Democratic Republic of the Congo)|Senate]]",
  "lower_house": "[[National Assembly (Democratic Republic of the Congo)|National Assembly]]",
  "sovereignty_type": "[[History of the Democratic Republic of Congo|Formation]]",
  "established_event1": "[[International Association of the Congo|Colonised]]",
  "established_date1": "17 November 1879",
  "established_event2": "[[Congo Free State]]",
  "established_date2": "1 July 1885",
  "established_event3": "[[Belgian Congo]]",
  "established_date3": "15 November 1908",
  "established_event4": "[[Congo Crisis|Independence]] from [[Belgium]]",
  "established_date4": "30 June 1960",
  "established_event5": "[[United Nations Security Council Resolution 142|Admitted to the]] [[United Nations]]",
  "established_date5": "20 September 1960",
  "established_event6": "Renamed to Democratic Republic of Congo",
  "established_date6": "1 August 1964",
  "established_event7": "[[Zaire|Republic of Zaire]]",
  "established_date7": "29 October 1971",
  "established_event8": "[[First Congo War|Fall of Mobutu]]",
  "established_date8": "17 May 1997",
  "established_event9": "[[Constitution of the Democratic Republic of the Congo|Current constitution]]",
  "established_date9": "18 February 2006",
  "area_km2": "2,345,409",
  "area_rank": "11th",
  "area_sq_mi": "905,355",
  "percent_water": "3.32",
  "population_estimate": "91,931,000 (2019 est.)",
  "population_estimate_rank": "16th",
  "population_density_km2": "39.19",
  "population_density_sq_mi": "101.54",
  "GDP_PPP": "{{Increase}} $77.486 billion",
  "GDP_PPP_year": "2019",
  "GDP_PPP_per_capita": "{{Increase}} $842",
  "GDP_nominal": "{{Increase}} $46.117 billion",
  "GDP_nominal_year": "2019",
  "GDP_nominal_per_capita": "{{Increase}} $501",
  "Gini": "44.4",
  "Gini_year": "2006",
  "Gini_change": "increase",
  "HDI": "0.470",
  "HDI_year": "2018",
  "HDI_change": "increase",
  "HDI_rank": "176th",
  "currency": "[[Congolese franc]]",
  "currency_code": "CDF",
  "time_zone": "[[West Africa Time|WAT]] and [[Central Africa Time|CAT]]",
  "utc_offset": "{{nowrap|+1 to +2}}",
  "drives_on": "right",
  "calling_code": "[[+243]]",
  "iso3166code": "CD",
  "cctld": "[[.cd]]"
}