{
  "conventional_long_name": "Arab Republic of Egypt",
  "name": "{{collapsible list\n  | titlestyle                |=| background:transparent;text-align:center;line-height:normal;font-size:84%;\n  | title                     |=| |resize|1.25em|lang|ar|\u062c\u0645\u0647\u0648\u0631\u064a\u0629 \u0645\u0635\u0631 \u0627\u0644\u0639\u0631\u0628\u064a\u0629|\n  | |Infobox |subbox|=|yes |bodystyle|=|font-size:75%;font-weight:normal;\n    | rowclass1 |=| mergedrow | label1 |=| [[Standard Arabic|Arabic]]: | data1 |=| |transl|ar|ALA-LC|Jumh\u016br\u012byat Mi\u1e63r al-\u02bbArab\u012byah|\n    | rowclass2 |=| mergedrow | label2 |=| [[Egyptian Arabic|Egyptian]]: | data2 |=| |transl|arz|Gomhoreyyet Ma\u1e63r el-\u02bfArabeyya|\n    |}} {{resize|1.25em|lang|ar|\u062c\u0645\u0647\u0648\u0631\u064a\u0629 \u0645\u0635\u0631 \u0627\u0644\u0639\u0631\u0628\u064a\u0629}} {{lang|ar|\u062c\u0645\u0647\u0648\u0631\u064a\u0629 \u0645\u0635\u0631 \u0627\u0644\u0639\u0631\u0628\u064a\u0629}} {{Infobox |subbox|=|yes |bodystyle|=|font-size:75%;font-weight:normal;\n    | rowclass1 |=| mergedrow | label1 |=| [[Standard Arabic|Arabic]]: | data1 |=| |transl|ar|ALA-LC|Jumh\u016br\u012byat Mi\u1e63r al-\u02bbArab\u012byah|\n    | rowclass2 |=| mergedrow | label2 |=| [[Egyptian Arabic|Egyptian]]: | data2 |=| |transl|arz|Gomhoreyyet Ma\u1e63r el-\u02bfArabeyya|}} {{transl|ar|ALA-LC|Jumh\u016br\u012byat Mi\u1e63r al-\u02bbArab\u012byah}} {{transl|arz|Gomhoreyyet Ma\u1e63r el-\u02bfArabeyya}}",
  "common_name": "Egypt",
  "image_flag": "Flag of Egypt.svg",
  "image_coat": "Coat of arms of Egypt (Official).svg",
  "image_map": "EGY orthographic.svg",
  "national_anthem": "\"[[Bilady, Bilady, Bilady]]\"<br /> {{lang|ar|\"\u0628\u0644\u0627\u062f\u064a\u060c \u0628\u0644\u0627\u062f\u064a\u060c \u0628\u0644\u0627\u062f\u064a\"}} <br />\" {{small|My country, my country, my country}} \"<br />[[File:Bilady, Bilady, Bilady.ogg|center]]",
  "official_languages": "[[Modern Standard Arabic|Arabic]]",
  "languages_type": "[[National language]]",
  "languages": "[[Egyptian Arabic]] {{ref label|offlang|a}}",
  "religion": "See ''[[Religion in Egypt]]''",
  "demonym": "Egyptian",
  "capital": "[[Cairo]]",
  "coordinates": "{{Coord|30|2|N|31|13|E|type:city}}",
  "largest_city": "capital",
  "government_type": "[[Unitary state|Unitary]] [[Semi-presidential system|semi-presidential]]<br />[[republic]]",
  "leader_title1": "[[President of Egypt|President]]",
  "leader_name1": "[[Abdel Fattah el-Sisi]]",
  "leader_title2": "[[Prime Minister of Egypt|Prime Minister]]",
  "leader_name2": "[[Mostafa Madbouly]]",
  "leader_title3": "[[Speaker of the House of Representatives (Egypt)|House Speaker]]",
  "leader_name3": "[[Ali Abdel Aal]]",
  "legislature": "[[House of Representatives (Egypt)|House of Representatives]]",
  "established_event1": "Unification of [[Upper and Lower Egypt|Upper<br />and Lower Egypt]] {{ref label|estevent|b}}",
  "established_date1": "[[Circa|c.]] 3150 {{sc|bc}}",
  "established_event2": "[[Muhammad Ali dynasty]] inaugurated",
  "established_date2": "9 July 1805",
  "established_event3": "[[Unilateral Declaration of Egyptian Independence|Independence]] from<br />[[United Kingdom of Great Britain and Ireland|United Kingdom]]",
  "established_date3": "28 February 1922",
  "established_event5": "[[Egyptian Revolution of 1952|Republic declared]]",
  "established_date5": "18 June 1953",
  "established_event4": "[[Egyptian Revolution of 1952|Revolution Day]]",
  "established_date4": "23 July 1952",
  "established_event6": "[[Egyptian Constitution of 2014|Current constitution]]",
  "established_date6": "18 January 2014",
  "area_rank": "29th",
  "area_km2": "1,010,408",
  "area_sq_mi": "387,048",
  "percent_water": "0.632",
  "population_census": "94,798,827",
  "population_census_year": "[[Censuses of Egypt#2017|2017]]",
  "population_density_km2": "96",
  "population_density_sq_mi": "248",
  "population_density_rank": "118th",
  "GDP_PPP_year": "2019",
  "GDP_PPP": "{{increase}} $1.391 trillion",
  "GDP_PPP_rank": "21st",
  "GDP_PPP_per_capita": "{{increase}} $14,028",
  "GDP_PPP_per_capita_rank": "94th",
  "GDP_nominal": "{{increase}} $300 billion",
  "GDP_nominal_rank": "43rd",
  "GDP_nominal_year": "2019",
  "GDP_nominal_per_capita": "{{increase}} $3,019",
  "GDP_nominal_per_capita_rank": "130th",
  "Gini_year": "2015",
  "Gini_change": "decrease",
  "Gini": "31.8",
  "Gini_rank": "51st",
  "HDI_year": "2017",
  "HDI_change": "increase",
  "HDI": "0.696",
  "HDI_rank": "115th",
  "currency": "[[Egyptian pound]] (E\u00a3)",
  "currency_code": "EGP",
  "time_zone": "[[Eastern European Time|EET]]",
  "utc_offset": "+2 {{ref label|dst|c}}",
  "drives_on": "right",
  "calling_code": "[[+20]]",
  "cctld": "{{unbulleted list |[[.eg]] |lang|ar|[[\u0645\u0635\u0631.]]}} {{lang|ar|[[\u0645\u0635\u0631.]]}}",
  "footnote_a": "{{note|offlang}} [[Modern Standard Arabic|Literary Arabic]] is the sole official language. [[Egyptian Arabic]] is the national [[spoken language]]. Other [[Languages of Egypt|dialects and minority languages]] are spoken regionally.",
  "footnote_b": "{{note|estevent}} \"Among the peoples of the ancient Near East, only the Egyptians have stayed where they were and remained what they were, although they have changed their language once and their religion twice. In a sense, they constitute the world's oldest nation\". Arthur Goldschmidt Jr.",
  "footnote_c": "{{note|dst}} See [[Daylight saving time in Egypt]]."
}