{
  "conventional_long_name": "State of Eritrea",
  "common_name": "Eritrea",
  "image_flag": "Flag of Eritrea.svg",
  "image_coat": "Emblem of Eritrea (or argent azur).svg",
  "symbol_type": "Emblem",
  "image_map": "Location Eritrea AU Africa.svg",
  "map_caption": "{{map caption |countryprefix|=| |location_color|=|dark blue |region|=|Africa |region_color|=|dark grey |subregion|=|the [[African Union]] |subregion_color|=|light blue}}",
  "image_map2": "Eritrea - Location Map (2013) - ERI - UNOCHA.svg",
  "national_anthem": "\"[[Ertra, Ertra, Ertra]]\"<br />( {{Lang-en|\"Eritrea, Eritrea, Eritrea\"}} )<br /><center>[[File:National Anthem of Eritrea by US Navy Band.ogg]]</center>",
  "official_languages": "None (''see working languages'')",
  "national_languages": "{{unbulleted list\n|[[Tigrinya language|Tigrinya]]\n|[[Beja language|Beja]]\n|[[Arabic]]\n|[[Tigre language|Tigre]]\n|[[Kunama language|Kunama]]\n|[[Saho language|Saho]]\n|[[Bilen language|Bilen]]\n|[[Nara language|Nara]]\n|[[Afar language|Afar]]\n|[[English language|English]]\n|ref| name=Ethner|}}",
  "languages_type": "[[Working language]]s",
  "languages": "{{unbulleted list|[[Tigrinya language|Tigrinya]]|ref| name=\"MOI Eritrea\" |[[Arabic language|Arabic]]|ref| name=\"MOI Eritrea\" |[[English language|English]]|ref| name=\"MOI Eritrea\"|{{cite web|url=http://www.shabait.com/about-eritrea/eritrea-at-a-glance/49-eritrea-at-a-glance|title=ERITREA AT A GLANCE|author=Shabait Administrator |publisher=Eritrea Ministry of Information}}|</ref>}}",
  "languages2_type": "Other languages",
  "languages2": "[[Eritrean Italian|Italian]]",
  "demonym": "{{Plainlist|\n* [[Eritrean people|Eritrean]]\n* &nbsp;'''\u221f''' [[Bahr Midri|Bahrmidri]] (historic)}}",
  "ethnic_groups": "{{unbulleted list\n  | 55% [[Tigrayans|Tigrinya]]\n  | 30% [[Tigre people|Tigre]]\n  | 4% [[Saho people|Saho]]\n  | 2% [[Kunama people|Kunama]]\n  | 2% [[Bilen people|Bilen]]\n  | 2% [[Rashaida people|Rashaida]]\n  | 5% Others}}",
  "ethnic_groups_year": "2012",
  "capital": "[[Asmara]]",
  "coordinates": "{{Coord|15|20|N|38|55|E|type:city}}",
  "largest_city": "capital",
  "government_type": "[[Unitary state|Unitary]] [[One-party state|one-party]] [[Presidential system|presidential republic]] under a [[Totalitarianism|totalitarian]] [[dictatorship]]",
  "leader_title1": "[[List of heads of state of Eritrea|President]]",
  "leader_name1": "[[Isaias Afwerki]]",
  "legislature": "[[National Assembly (Eritrea)|National Assembly]]",
  "sovereignty_type": "[[Eritrean War of Independence|Independence]]",
  "sovereignty_note": "from [[Ethiopia]]",
  "established_event1": "''[[De facto]]'' State of Eritrea",
  "established_date1": "24 May 1991",
  "established_event2": "''[[De jure]]'' State of Eritrea",
  "established_date2": "24 May 1993",
  "area_rank": "99th",
  "area_km2": "117,600",
  "area_sq_mi": "45,405",
  "percent_water": "0.14%",
  "population_estimate": "{{UN_Population|Eritrea}} {{UN_Population|ref}}",
  "population_estimate_rank": "116th",
  "population_estimate_year": "{{UN_Population|Year}}",
  "population_density_km2": "51.8",
  "population_density_sq_mi": "111.7",
  "population_density_rank": "154th",
  "GDP_PPP": "$10.625 billion",
  "GDP_PPP_rank": "156th",
  "GDP_PPP_year": "2019",
  "GDP_PPP_per_capita": "$1,725",
  "GDP_PPP_per_capita_rank": "180th",
  "GDP_nominal": "$7.720 billion",
  "GDP_nominal_rank": "149th",
  "GDP_nominal_year": "2019",
  "GDP_nominal_per_capita": "$1,253",
  "GDP_nominal_per_capita_rank": "160th",
  "HDI_year": "2017",
  "HDI_change": "steady",
  "HDI": "0.440",
  "HDI_rank": "179th",
  "currency": "[[Eritrean nakfa|Nakfa]]",
  "currency_code": "ERN",
  "time_zone": "[[East Africa Time|EAT]]",
  "utc_offset": "+3",
  "time_zone_DST": "not observed",
  "utc_offset_DST": "+3",
  "drives_on": "right",
  "calling_code": "[[+291]]",
  "cctld": "[[.er]]"
}