{
  "conventional_long_name": "Republic of Guinea",
  "common_name": "Guinea",
  "native_name": "''R\u00e9publique de Guin\u00e9e'' {{resize|70%|([[French language|French]])}}",
  "image_flag": "Flag of Guinea.svg",
  "image_coat": "Coat of arms of Guinea-new.svg",
  "symbol_type": "[[Coat of arms of Guinea|Seal]]",
  "national_motto": "{{native phrase|fr|\"Travail, Justice, Solidarit\u00e9\"|italics|=|off}} <br/> {{small|\"Work, Justice, Solidarity\"}}",
  "national_anthem": "{{native name|fr|[[Libert\u00e9 (anthem)|Libert\u00e9]]}} <br/> {{small|''Freedom''}} <br/><center>[[File:National Anthem of Guinea by US Navy Band.ogg]]</center>",
  "image_map": "Location Guinea AU Africa.svg",
  "map_caption": "{{map caption|countryprefix|=|location_color|=|dark blue|region|=|Africa|region_color|=|dark grey|subregion|=|the [[African Union]]|subregion_color|=|light blue}}",
  "image_map2": "Guinea - Location Map (2013) - GIN - UNOCHA.svg",
  "capital": "[[Conakry]]",
  "coordinates": "{{Coord|9|31|N|13|42|W|type:city}}",
  "largest_city": "capital",
  "official_languages": "[[French language|French]]",
  "languages_type": "[[Vernacular language|Vernacular<br/>language]]s",
  "languages": "{{unbulleted list | [[Fulani language|Fulani]] | [[Mandinka language|Mandinka]] | |[[Susu language|Susu]]}}",
  "ethnic_groups": "{{unbulleted list\n | 32% [[Fulani  people|Fulani ]]\n | 30% [[Mandinka people|Mandinka]]\n | 20% [[Susu people|Susu]]\n | 6% [[Kissi people|Kissi]]\n | 5% [[Kpelle people|Kpelle]]\n | 7% others|ref|\"The World Factbook - Central Intelligence Agency - CIA\"|</ref>|}}",
  "demonym": "Guinean",
  "government_type": "[[Unitary state|Unitary]] [[presidential republic]]",
  "leader_title1": "[[List of heads of state of Guinea|President]]",
  "leader_name1": "[[Alpha Cond\u00e9]]",
  "leader_title2": "[[List of heads of government of Guinea|Prime Minister]]",
  "leader_name2": "[[Ibrahima Kassory Fofana]]",
  "legislature": "[[National Assembly (Guinea)|National Assembly]]",
  "sovereignty_type": "[[Independence]]",
  "established_event1": "from [[France]]",
  "established_date1": "2 October 1958",
  "area_km2": "245,836",
  "area_rank": "77th",
  "area_sq_mi": "94,926",
  "percent_water": "negligible",
  "population_estimate": "{{UN_Population|Guinea}} {{UN_Population|ref}}",
  "population_census": "11,628,972",
  "population_estimate_year": "{{UN_Population|Year}}",
  "population_estimate_rank": "81st",
  "population_census_year": "2014",
  "population_density_km2": "40.9",
  "population_density_sq_mi": "106.1",
  "GDP_PPP": "$26.451&nbsp;billion",
  "GDP_PPP_year": "2017",
  "GDP_PPP_per_capita": "$2,039",
  "GDP_nominal": "$9.183&nbsp;billion",
  "GDP_nominal_year": "2017",
  "GDP_nominal_per_capita": "$707",
  "Gini": "33.7",
  "Gini_year": "2012",
  "HDI": "0.459",
  "HDI_year": "2017",
  "HDI_change": "increase",
  "HDI_rank": "175th",
  "currency": "[[Guinean franc]]",
  "currency_code": "GNF",
  "time_zone": "[[Greenwich Mean Time|GMT]]",
  "utc_offset": "+0",
  "drives_on": "right",
  "calling_code": "[[+224]]",
  "cctld": "[[.gn]]",
  "population_density_rank": "164th"
}