{
  "conventional_long_name": "Republic of Kenya",
  "common_name": "Kenya",
  "native_name": "''Jamhuri ya Kenya'' {{nobold|<small>([[Swahili language|Swahili]])</small>}}",
  "image_flag": "Flag of Kenya.svg",
  "image_coat": "Coat of arms of Kenya (Official).svg",
  "national_motto": "\"[[Harambee]]\" <small>(Swahili)</small><br /> {{small|\"Let us all pull together\"}}",
  "national_anthem": "\"[[Ee Mungu Nguvu Yetu]]\"<br />( {{Lang-en|\"O God of all creation\"}} )<br /><center>[[File:National anthem of Kenya, performed by the United States Navy Band.wav]]</center>",
  "image_map": "Location Kenya AU Africa.svg",
  "map_caption": "{{map caption|countryprefix|=|location_color|=|dark blue|region|=|the [[African Union]]|region_color|=|light blue}}",
  "image_map2": "Kenya - Location Map (2013) - KEN - UNOCHA.svg",
  "capital": "[[Nairobi]]",
  "coordinates": "{{Coord|1|16|S|36|48|E|type:city}}",
  "largest_city": "[[Nairobi]]",
  "official_languages": "{{hlist |[[English language|English]]|[[Swahili language|Swahili]]|ref| name=\"Conlang\"|Constitution (2009) Art. 7 [National, official and other languages] \"(1) The national language of the Republic is Swahili. (2) The official languages of the Republic are Swahili and English. (3) The State shall\u2013-\u2013- (a) promote and protect the diversity of language of the people of Kenya; and (b) promote the development and use of indigenous languages, Kenyan Sign language, Braille and other communication formats and technologies accessible to persons with disabilities.\"|</ref>}}",
  "languages_type": "[[National language]]",
  "languages": "[[Swahili language|Swahili]]",
  "ethnic_groups": "{{unbulleted list\n | 22% [[Kikuyu people|Kikuyu]]\n | 14% [[Luhya people|Luhya]]\n | 13% [[Luo people of Kenya and Tanzania|Luo]]\n | 12% [[Kalenjin people|Kalenjin]]\n | 11% [[Kamba people|Kamba]]\n | 6% [[Kisii people|Kisii]]\n | 6% [[Meru people|Meru]]\n | 15% other African\n | 1% non-African}}",
  "ethnic_groups_year": "2018",
  "demonym": "[[Demographics of Kenya|Kenyan]]",
  "government_type": "[[Unitary state|Unitary]] [[Presidential system|presidential]] [[Constitution of Kenya|constitutional]] [[republic]]",
  "leader_title1": "[[President of Kenya|President]]",
  "leader_name1": "[[Uhuru Kenyatta ]]",
  "leader_title2": "[[Deputy President of Kenya|Deputy President]]",
  "leader_name2": "[[William Ruto]]",
  "leader_title3": "[[Senate of Kenya|Speaker of the Senate]]",
  "leader_name3": "[[Kenneth Lusaka]]",
  "leader_title4": "[[Speaker of the National Assembly of Kenya|Speaker of the National Assembly]]",
  "leader_name4": "[[Justin Muturi]]",
  "leader_title5": "[[Chief Justice of Kenya|Chief Justice]]",
  "leader_name5": "[[David Maraga]]",
  "leader_title6": "[[Attorney General of Kenya|Attorney General]]",
  "leader_name6": "[[Paul Kihara Kariuki]]",
  "legislature": "[[Parliament of Kenya|Parliament]]",
  "upper_house": "[[Senate of Kenya|Senate]]",
  "lower_house": "[[National Assembly (Kenya)|National Assembly]]",
  "sovereignty_type": "Independence",
  "established_event1": "from the [[United Kingdom]]",
  "established_date1": "12 December 1963",
  "established_event2": "Republic declared",
  "established_date2": "12 December 1964",
  "area_km2": "580,367",
  "area_rank": "48th",
  "area_sq_mi": "224,960",
  "percent_water": "2.3",
  "population_estimate": "49,364,325",
  "population_census": "38,610,097",
  "population_estimate_year": "2019",
  "population_estimate_rank": "28th",
  "population_census_year": "2009",
  "population_density_km2": "78",
  "population_density_sq_mi": "202",
  "population_density_rank": "124th",
  "GDP_PPP": "$190.970 billion",
  "GDP_PPP_year": "2019",
  "GDP_PPP_per_capita": "$3,867",
  "GDP_nominal": "$99.246 billion",
  "GDP_nominal_year": "2019",
  "GDP_nominal_per_capita": "$2,010",
  "Gini": "42.5",
  "Gini_year": "2014",
  "Gini_rank": "48th",
  "HDI": "0.590",
  "HDI_year": "2017",
  "HDI_change": "increase",
  "HDI_rank": "142nd",
  "currency": "[[Kenyan shilling]]",
  "currency_code": "KES",
  "time_zone": "[[East Africa Time|EAT]]",
  "utc_offset": "+3",
  "date_format": "dd/mm/yy ([[Anno Domini|AD]])",
  "drives_on": "[[Right- and left-hand traffic|left]]",
  "calling_code": "[[+254]]",
  "cctld": "[[.ke]]",
  "footnotes": "{{big|ref| name=cia}} According to the CIA, estimates for this country explicitly take into account the effects of mortality because of AIDS; this can result in lower life expectancy, higher infant mortality and death rates, lower population and growth rates, and changes in the distribution of population by age and sex, than would otherwise be expected."
}