{
  "conventional_long_name": "Republic of Liberia",
  "common_name": "Liberia",
  "image_flag": "Flag of Liberia.svg",
  "image_coat": "Coat of arms of Liberia.svg",
  "symbol_type": "Coat of arms",
  "image_map": "Location Liberia AU Africa.svg",
  "map_caption": "{{map caption|countryprefix|=|location_color|=|dark blue|region|=|Africa|region_color|=|dark grey|subregion|=|the [[African Union]]|subregion_color|=|light blue}}",
  "image_map2": "Liberia - Location Map (2013) - LBR - UNOCHA.svg",
  "national_motto": "\"The Love of Liberty Brought Us Here\"",
  "national_anthem": "''[[All Hail, Liberia, Hail!]]''<br /><center>[[File:Liberia National Anthem.ogg]]</center>",
  "official_languages": "[[English language|English]]",
  "languages_type": "Spoken and national languages",
  "languages": "{{hlist|[[Liberian English]]}}",
  "ethnic_groups": "{{unbulleted list\n  | 20.3% [[Kpelle people|Kpelle]]\n  | 13.4% [[Bassa people (Liberia)|Bassa]]\n  | 10.0% [[Gio people|Gio]]\n  | 8.0% [[Grebo people|Grebo]]\n  | 7.9% [[Mano people|Mano]]\n  | 6.0% [[Kru people|Kru]]\n  | 5.1% [[Loma people|Lorma]]\n  | 4.8% [[Kissi people|Kissi]]\n  | 4.4% [[Gola people|Gola]]\n  | 4.1% [[Krahn people|Krahn]]}}",
  "ethnic_groups_year": "2008",
  "religion": "{{unbulleted list\n  | 85.6% [[Christianity]]\n  | 12.2% [[Islam]] \n  | 2.2% others|ref| name=CIA|}}",
  "demonym": "Liberian",
  "capital": "[[Monrovia]]",
  "coordinates": "{{Coord|6|19|N|10|48|W|type:city}}",
  "largest_city": "Monrovia",
  "government_type": "[[Unitary state|Unitary]] [[Presidential system|presidential]] [[republic|constitutional republic]]",
  "leader_title1": "[[President of Liberia|President]]",
  "leader_name1": "[[George Weah]]",
  "leader_title2": "[[Vice President of Liberia|Vice President]]",
  "leader_name2": "[[Jewel Taylor]]",
  "leader_title3": "[[List of Speakers of the House of Representatives of Liberia|Speaker of the House]]",
  "leader_name3": "Bhofal Chambers",
  "leader_title4": "[[Chief Justice of Liberia|Chief Justice]]",
  "leader_name4": "[[Francis Korkpor, Sr.]]",
  "legislature": "[[Legislature of Liberia]]",
  "upper_house": "[[Senate (Liberia)|Senate]]",
  "lower_house": "[[House of Representatives (Liberia)|House of Representatives]]",
  "area_rank": "102nd",
  "area_km2": "111,369",
  "area_sq_mi": "43,000",
  "percent_water": "13.514",
  "population_estimate": "4,503,000",
  "population_estimate_year": "2015",
  "population_estimate_rank": "125th",
  "population_census": "3,476,608",
  "population_census_year": "2008",
  "population_census_rank": "130th",
  "population_density_km2": "40.43",
  "population_density_sq_mi": "92.0",
  "population_density_rank": "180th",
  "GDP_PPP_year": "2019",
  "GDP_PPP": "$6.468 billion",
  "GDP_PPP_per_capita": "$1,413",
  "GDP_nominal_year": "2019",
  "GDP_nominal": "$3.221 billion",
  "GDP_nominal_per_capita": "$704",
  "sovereignty_type": "[[History of Liberia|Formation]] and [[Independence]]",
  "established_event1": "Settlement by the [[American Colonization Society| {{nowrap|American Colonization}} Society]]",
  "established_date1": "January 7, 1822",
  "established_event2": "[[Liberian Declaration of Independence]]",
  "established_date2": "July 26, 1847",
  "established_event3": "Annexation of [[Republic of Maryland]]",
  "established_date3": "March 18, 1857",
  "established_event4": "Recognition by the United States",
  "established_date4": "February 5, 1862",
  "established_event5": "[[United Nations Charter|Admitted to the]] [[United Nations]]",
  "established_date5": "November 2, 1945",
  "established_event6": "[[Constitution of Liberia|Current constitution]]",
  "established_date6": "January 6, 1986",
  "Gini_year": "2007",
  "Gini": "38.2",
  "HDI_year": "2017",
  "HDI_change": "increase",
  "HDI": "0.435",
  "HDI_rank": "181st",
  "currency": "[[Liberian dollar]] (LRD)",
  "time_zone": "[[Greenwich Mean Time|GMT]]",
  "utc_offset": "+0",
  "drives_on": "right",
  "calling_code": "[[+231]]",
  "cctld": "[[.lr]]"
}