{
  "conventional_long_name": "State of Libya",
  "common_name": "Libya",
  "native_name": "{{native name|ar|\u062f\u0648\u0644\u0629 \u0644\u064a\u0628\u064a\u0627}}",
  "image_flag": "Flag of Libya.svg",
  "image_coat": "The_emblem_on_the_passport_of_Libya.svg",
  "symbol_type": "[[Emblem of Libya|National emblem]]<br /> {{small|''([[de facto]])''}}",
  "national_anthem": "{{lang|ar|\u0644\u064a\u0628\u064a\u0627 \u0644\u064a\u0628\u064a\u0627 \u0644\u064a\u0628\u064a\u0627}} <br />\"[[Libya, Libya, Libya]]\"<div style=\"padding-top:0.5em;\" class=\"center\">[[File:Libya, Libya, Libya instrumental.ogg]]</div>",
  "image_map": "Libya (orthographic projection).svg",
  "map_width": "220px",
  "image_map2": "Libya - Location Map (2013) - LBY - UNOCHA.svg",
  "map2_width": "250px",
  "capital": "[[Tripoli]]",
  "coordinates": "{{Coord|32|52|N|13|11|E|type:city}}",
  "largest_city": "capital",
  "official_languages": "[[Arabic]] {{ref label|arabicnote|b}}",
  "languages_type": "[[Spoken language]]s",
  "languages": "{{unbulleted list |[[Libyan Arabic]]|[[Berber languages|Berber]]}}",
  "languages2_type": "Minority Languages",
  "languages2": "{{unbulleted list|[[Teda language|Teda]]|[[Italian language|Italian]]}}",
  "ethnic_groups": "{{vunblist\n |nowrap|[[Arab-Berber]] 97%|\n | 3% Others}} {{nowrap|[[Arab-Berber]] 97%}}",
  "religion": "[[Islam in Libya|Islam]]",
  "demonym": "[[Demographics of Libya|Libyan]]",
  "government_type": "[[Unitary state|Unitary]] [[provisional government]]",
  "leader_title1": "[[List of heads of state of Libya|Chairman of the Presidential Council]]",
  "leader_name1": "[[Fayez al-Sarraj]]",
  "leader_title2": "[[Prime Minister of Libya|Prime Minister]] (GNA)",
  "leader_name2": "[[Fayez Al-Sarraj]]",
  "leader_title3": "[[Presidential Council (Libya)|Vice Chairman of the Presidential Council]]",
  "leader_name3": "[[Ahmed Maiteeq]]",
  "leader_title4": "President of the [[House of Representatives (Libya)|House of Representatives]]",
  "leader_name4": "[[Aguila Saleh Issa]]",
  "legislature": "[[House of Representatives (Libya)|House of Representatives]]",
  "sovereignty_type": "[[History of Libya|Formation]]",
  "established_event1": "[[Independence]] from [[Italy]]",
  "established_date1": "10 February 1947",
  "established_event2": "Released from [[United Kingdom|British]] and [[French Fourth Republic|French]] oversight {{ref label|indepnote|c}}",
  "established_date2": "24 December 1951",
  "established_event3": "[[History of Libya under Muammar Gaddafi|Coup d'\u00e9tat by Muammar Gaddafi]]",
  "established_date3": "1 September 1969",
  "established_event4": "[[Socialist People's Libyan Arab Jamahiriya]]",
  "established_date4": "19 November 1977",
  "established_event5": "[[The Great Socialist People's Libyan Arab Jamahiriya]]",
  "established_date5": "April 1986",
  "established_event6": "[[2011 Libyan Civil War|Revolution Day]]",
  "established_date6": "17 February 2011",
  "area_km2": "1,759,541",
  "area_rank": "16th",
  "area_sq_mi": "679,359",
  "population_estimate": "6,653,210",
  "population_census": "7,200,000",
  "population_estimate_year": "{{UN_Population|Year}}",
  "population_estimate_rank": "108th",
  "population_census_year": "2018",
  "population_density_km2": "3.74",
  "population_density_sq_mi": "9.2",
  "population_density_rank": "218th",
  "GDP_PPP": "$79.595 billion",
  "GDP_PPP_year": "2019",
  "GDP_PPP_per_capita": "$12,100",
  "GDP_nominal": "$51.330 billion",
  "GDP_nominal_year": "2019",
  "GDP_nominal_rank": "98",
  "GDP_nominal_per_capita": "$7,803",
  "HDI": "0.706",
  "HDI_year": "2017",
  "HDI_change": "increase<",
  "HDI_rank": "108th",
  "currency": "[[Libyan dinar]]",
  "currency_code": "LYD",
  "time_zone": "[[Eastern European Time|EET]]",
  "utc_offset": "+2",
  "drives_on": "right",
  "calling_code": "[[Telephone numbers in Libya|+218]]",
  "cctld": "[[.ly]]<br />\u0644\u064a\u0628\u064a\u0627.",
  "footnote_a": "{{note|unnote}} United Nations note concerning official name: \"Following the adoption by the General Assembly of resolution 66/1, the Permanent Mission of Libya to the United Nations formally notified the United Nations of a Declaration by the National Transitional Council of 3 August changing the official name of the Libyan Arab Jamahiriya to \"Libya\" and changing Libya's national flag.\"",
  "footnote_b": "{{note|arabicnote}} The [[official language]] is simply identified as \"[[Standard Arabic|Arabic]]\" ([[Libyan interim Constitutional Declaration|Constitutional Declaration]], article 1).",
  "footnote_c": "{{note|indepnote}} The UK and France held a [[Condominium (international law)|joint condominium]] over Libya through the [[United Nations Trusteeship Council]]."
}