{
  "conventional_long_name": "Republic of Madagascar",
  "common_name": "Madagascar",
  "native_name": "{{ubl|native name|mg|Repoblikan'i Madagasikara|native name|fr|R\u00e9publique de Madagascar}} {{native name|mg|Repoblikan'i Madagasikara}} {{native name|fr|R\u00e9publique de Madagascar}}",
  "image_flag": "Flag of Madagascar.svg",
  "image_coat": "Seal of Madagascar.svg",
  "symbol_type": "[[Seal of Madagascar|Seal]]",
  "national_motto": "{{unbulleted list\n  |nowrap|native phrase|mg|\"Fitiavana, Tanindrazana, Fandrosoana\"|italics|=|off|\n  |native phrase|fr|\"Amour, Patrie, Progr\u00e8s\"|italics|=|off|\n  |small|\"Love, Fatherland, Progress\"|lower|0.2em|ref| name=4thRepublic|{{cite web |last=Le Comit\u00e9 Consultatif Constitutionnel |title=''Projet de Constitution de la Quatri\u00e8me R\u00e9publique de Madagascar'' |publisher=Madagascar Tribune |date=1 October 2010 |url=http://www.madagascar-tribune.com/IMG/pdf/constitution.pdf |archiveurl=https://web.archive.org/web/20110628042414/http://madagascar-tribune.com/IMG/pdf/constitution.pdf |archivedate=28 June 2011|dead-url=no |accessdate =24 August 2011|language=fr}}|</ref>|<!--end lower:-->|}} {{nowrap|native phrase|mg|\"Fitiavana, Tanindrazana, Fandrosoana\"|italics|=|off}} {{native phrase|mg|\"Fitiavana, Tanindrazana, Fandrosoana\"|italics|=|off}} {{native phrase|fr|\"Amour, Patrie, Progr\u00e8s\"|italics|=|off}} {{small|\"Love, Fatherland, Progress\"}} {{lower|0.2em|ref| name=4thRepublic|{{cite web |last=Le Comit\u00e9 Consultatif Constitutionnel |title=''Projet de Constitution de la Quatri\u00e8me R\u00e9publique de Madagascar'' |publisher=Madagascar Tribune |date=1 October 2010 |url=http://www.madagascar-tribune.com/IMG/pdf/constitution.pdf |archiveurl=https://web.archive.org/web/20110628042414/http://madagascar-tribune.com/IMG/pdf/constitution.pdf |archivedate=28 June 2011|dead-url=no |accessdate =24 August 2011|language=fr}}|</ref>|<!--end lower:-->}}",
  "national_anthem": "''[[Ry Tanindrazanay malala \u00f4!]]''<br /> {{small|''Oh, Beloved Land of our Ancestors!''}} <div style=\"padding-top:0.5em;\" class=\"center\">[[File:Ry Tanindrazanay malala \u00f4! (instrumental).ogg]]</div>",
  "image_map": "Location Madagascar AU Africa.svg",
  "map_caption": "{{map caption |countryprefix|=| |location_color|=|dark blue |region|=|Africa |region_color|=|dark grey |subregion|=|the [[African Union]] |subregion_color|=|light blue}}",
  "image_map2": "Madagascar - Location Map (2013) - MDG - UNOCHA.svg",
  "capital": "[[Antananarivo]]",
  "coordinates": "{{Coord|18|55|S|47|31|E|type:city}}",
  "largest_city": "[[Antananarivo]]",
  "official_languages": "{{hlist|[[Malagasy language|Malagasy]]|[[French language|French]]}}",
  "ethnic_groups": "{{unbulleted list\n  |26% [[Merina people|Merina]]\n  |15% [[Betsimisaraka people|Betsimisaraka]]\n  |12% [[Betsileo people|Betsileo]]\n  |7% [[Tsimihety people|Tsimihety]]\n  |6% [[Sakalava people|Sakalava]]\n  |5% [[Antaisaka people|Antaisaka]]\n  |5% [[Antandroy]]\n  |24% [[Ethnic groups of Madagascar|others]]}}",
  "ethnic_groups_year": "2004",
  "demonym": "[[Malagasy people|Malagasy]]",
  "government_type": "[[Unitary state|Unitary]] [[Semi-presidential system|semi-presidential]] [[Republic|constitutional republic]]",
  "leader_title1": "[[List of Presidents of Madagascar|President]]",
  "leader_name1": "{{nowrap|[[Andry Rajoelina]]}}",
  "leader_title2": "[[Prime Minister of Madagascar|Prime Minister]]",
  "leader_name2": "[[Christian Ntsay]]",
  "leader_title3": "[[List of Presidents of the Senate of Madagascar|Senate President]]",
  "leader_name3": "[[Rivo Rakotovao]]",
  "leader_title4": "[[List of Presidents of the National Assembly of Madagascar|President of the National Assembly]]",
  "leader_name4": "[[Christine Razanamahasoa]]",
  "legislature": "[[Parliament of Madagascar|Parliament]]",
  "upper_house": "[[Senate of Madagascar|Senate]]",
  "lower_house": "[[National Assembly of Madagascar|National Assembly]]",
  "sovereignty_type": "[[Independence]]",
  "established_event1": "from [[France]]",
  "established_date1": "26 June 1960",
  "established_event2": "[[Malagasy constitutional referendum, 2010|Current constitution]]",
  "established_date2": "17 November 2010",
  "area_km2": "587,041",
  "area_rank": "46th",
  "area_sq_mi": "226,597",
  "percent_water": "0.9%",
  "population_estimate": "{{UN_Population|Madagascar}} {{UN_Population|ref}}",
  "population_census": "12,238,914",
  "population_estimate_year": "{{UN_Population|Year}}",
  "population_estimate_rank": "52nd",
  "population_census_year": "1993",
  "population_density_km2": "35.2",
  "population_density_sq_mi": "91.1",
  "population_density_rank": "174th",
  "GDP_PPP": "$45.948 billion",
  "GDP_PPP_year": "2019",
  "GDP_PPP_per_capita": "$1,697",
  "GDP_nominal": "$12.734 billion",
  "GDP_nominal_year": "2019",
  "GDP_nominal_per_capita": "$471",
  "Gini": "44.1",
  "Gini_year": "2010",
  "HDI": "0.519",
  "HDI_year": "2017",
  "HDI_change": "increase",
  "HDI_rank": "161st",
  "currency": "[[Malagasy ariary]]",
  "currency_code": "MGA",
  "time_zone": "[[East Africa Time|EAT]]",
  "utc_offset": "+3",
  "utc_offset_DST": "+3",
  "time_zone_DST": "{{nowrap|not observed|ref| name=\"Bradtp2\"|Bradt (2011), p. 2.|</ref>}}",
  "drives_on": "[[Right- and left-hand traffic|right]]",
  "calling_code": "[[+261]]",
  "cctld": "[[.mg]]",
  "area_water_km2": "5501"
}