{
  "conventional_long_name": "Republic of Mauritius",
  "native_name": "{{ubl|native name|fr|R\u00e9publique de Maurice|native name|mfe|Repiblik Moris}} {{native name|fr|R\u00e9publique de Maurice}} {{native name|mfe|Repiblik Moris}}",
  "common_name": "Mauritius",
  "image_flag": "Flag of Mauritius.svg",
  "image_coat": "Coat of arms of Mauritius (Original version).svg",
  "image_map": "Mauritius (orthographic projection with inset).svg",
  "map_caption": "Islands of the Republic of Mauritius (excluding Chagos Archipelago and Tromelin Island)",
  "image_map2": "Mauritius (+claim islands).svg",
  "map_caption2": "Islands of the Republic of Mauritius labelled in black; Chagos Archipelago and Tromelin are claimed by Mauritius.",
  "national_motto": "{{native phrase|la|\"Stella Clavisque Maris Indici\"|italics|=|off}} <br> {{small|\"Star and Key of the Indian Ocean\"}}",
  "national_anthem": "''[[Motherland (anthem)|Motherland]]''<div style=\"padding-top:0.5em;\" class=\"center\">[[File:Motherland_(instrumental).ogg]]</div>",
  "capital": "[[Port Louis]]",
  "official_languages": "None",
  "languages_type": "[[Vernacular|Vernacular languages]]",
  "languages": "{{unbulleted list\n  | 84.0% [[Mauritian Creole|Creole]]\n  | 5.3% [[Mauritian Bhojpuri|Bhojpuri]]\n  | 3.6% [[French language|French]]\n  | 7.1% Other}}",
  "ethnic_groups": "'''<sup>See [[Demographics of Mauritius#Ethnic groups|Ethnic groups in Mauritius]]</sup>'''",
  "religion": "'''<sup>See [[Religion in Mauritius]]</sup>'''",
  "coordinates": "{{Coord|20|10|S|57|31|E|type:city}}",
  "demonym": "[[Mauritian]]",
  "largest_city": "[[Port Louis]]",
  "government_type": "[[Unitary state|Unitary]] [[parliamentary republic]]",
  "leader_title1": "[[President of Mauritius|President]]",
  "leader_name1": "[[Barlen Vyapoory]]",
  "leader_title2": "[[Prime Minister of Mauritius|Prime Minister]]",
  "leader_name2": "[[Pravind Jugnauth]]",
  "legislature": "[[National Assembly (Mauritius)|National Assembly]]",
  "sovereignty_type": "[[Independence]]",
  "sovereignty_note": "from the [[United Kingdom]]",
  "established_event1": "[[Constitution of Mauritius]]",
  "established_date1": "12 March 1968",
  "established_event2": "Republic",
  "established_date2": "12 March 1992",
  "area_rank": "170th",
  "area_km2": "2040",
  "percent_water": "0.07",
  "population_estimate": "1,265,577",
  "population_estimate_rank": "156th",
  "population_estimate_year": "2018",
  "population_census": "1,233,000",
  "population_census_year": "2011",
  "population_density_km2": "618.24",
  "population_density_sq_mi": "1,602.55",
  "population_density_rank": "19th",
  "GDP_PPP": "$31.705 billion",
  "GDP_PPP_rank": "133rd",
  "GDP_PPP_year": "2019",
  "GDP_PPP_per_capita": "$25,029",
  "GDP_PPP_per_capita_rank": "61st",
  "GDP_nominal": "$14.812 billion",
  "GDP_nominal_year": "2019",
  "GDP_nominal_rank": "129th",
  "GDP_nominal_per_capita": "$11,693",
  "GDP_nominal_per_capita_rank": "64th",
  "Gini_year": "2012",
  "Gini": "35.8",
  "HDI_year": "2017",
  "HDI_change": "increase",
  "HDI": "0.790",
  "HDI_rank": "65th",
  "currency": "[[Mauritian rupee]]",
  "currency_code": "MUR",
  "time_zone": "[[Mauritius Time|MUT]]",
  "utc_offset": "+4",
  "date_format": "dd/mm/yyyy ([[Anno Domini|AD]])",
  "drives_on": "[[Right- and left-hand traffic|left]]",
  "calling_code": "[[+230]]",
  "cctld": "[[.mu]]"
}