{
  "conventional_long_name": "Kingdom of Morocco",
  "common_name": "Morocco",
  "native_name": "{{unbulleted list|native name|ar|\u0627\u0644\u0645\u0645\u0644\u0643\u0629 \u0627\u0644\u0645\u063a\u0631\u0628\u064a\u0629|italics|=|off|native name|zgh|\u2d5c\u2d30\u2d33\u2d4d\u2d37\u2d49\u2d5c \u2d4f \u2d4d\u2d4e\u2d56\u2d54\u2d49\u2d31}} {{native name|ar|\u0627\u0644\u0645\u0645\u0644\u0643\u0629 \u0627\u0644\u0645\u063a\u0631\u0628\u064a\u0629|italics|=|off}} {{native name|zgh|\u2d5c\u2d30\u2d33\u2d4d\u2d37\u2d49\u2d5c \u2d4f \u2d4d\u2d4e\u2d56\u2d54\u2d49\u2d31}}",
  "image_flag": "Flag of Morocco.svg",
  "image_coat": "Coat of arms of Morocco.svg",
  "national_motto": "<div style=\"padding-top:0.2em;padding-bottom:0.5em;\"> {{native phrase|ar|lower|0.1em|\u0627\u0644\u0644\u0647\u060c \u0627\u0644\u0648\u0637\u0646\u060c \u0627\u0644\u0645\u0644\u0643&nbsp;|italics|=|off|nolink|=|on}} <br/>'' {{lower|0.1em|\u0627\u0644\u0644\u0647\u060c \u0627\u0644\u0648\u0637\u0646\u060c \u0627\u0644\u0645\u0644\u0643&nbsp;}} {{native phrase|zgh|\u2d30\u2d3d\u2d53\u2d5b, \u2d30\u2d4e\u2d53\u2d54, \u2d30\u2d33\u2d4d\u2d4d\u2d49\u2d37|italics|=|off|nolink|=|on}} <br/>\"God, Homeland, King\"",
  "national_anthem": "<br/> {{native phrase|ar|lower|0.1em|\u0627\u0644\u0646\u0634\u064a\u062f \u0627\u0644\u0648\u0637\u0646\u064a \u0627\u0644\u0645\u063a\u0631\u0628\u064a&nbsp;|italics|=|off|nolink|=|on}} <br/> {{lower|0.1em|\u0627\u0644\u0646\u0634\u064a\u062f \u0627\u0644\u0648\u0637\u0646\u064a \u0627\u0644\u0645\u063a\u0631\u0628\u064a&nbsp;}} {{native phrase|zgh|lower|0.1em|\u2d49\u2d63\u2d4d\u2d49 \u2d30\u2d4f\u2d30\u2d4e\u2d53\u2d54 \u2d4f \u2d4d\u2d4e\u2d56\u2d54\u2d49\u2d31&nbsp;|italics|=|off|nolink|=|on}} <br/>( {{lower|0.1em|\u2d49\u2d63\u2d4d\u2d49 \u2d30\u2d4f\u2d30\u2d4e\u2d53\u2d54 \u2d4f \u2d4d\u2d4e\u2d56\u2d54\u2d49\u2d31&nbsp;}} {{lang-en|\"[[Cherifian Anthem]]\"}} )<br />[[File:National Anthem of Morocco.ogg|center]]",
  "image_map": "Morocco (orthographic projection, WS claimed).svg",
  "map_caption": "Dark green: Undisputed territory of Morocco<br/>Lighter green: [[Western Sahara]], a [[United Nations list of Non-Self-Governing Territories|territory]] claimed and occupied mostly by Morocco {{nowrap|as its [[Southern Provinces]]}}",
  "capital": "[[Rabat]]",
  "coordinates": "{{Coord|34|02|N|6|51|W|type:city}}",
  "largest_city": "[[Casablanca]]<br> {{small|coord|33|32|N|7|35|W|display|=|inline}} {{coord|33|32|N|7|35|W|display|=|inline}}",
  "official_languages": "{{hlist |[[Modern Standard Arabic|Arabic]]| [[Standard Moroccan Berber|Berber]]}}",
  "languages_type": "Spoken languages",
  "languages": "{{ublist|class|=|nowrap |[[Moroccan Arabic]]|[[Berber languages|Berber]]|[[Hassaniya Arabic]]}}",
  "languages2_type": "Foreign languages",
  "languages2": "[[French language|French]] <br/>\n[[English language|English]]<br/>\n[[Spanish language|Spanish]]",
  "ethnic_groups": "{{ublist|[[Arab-Berber]] 99%|Other 1%}}",
  "ethnic_groups_year": "2014 {{lower|0.2em|ref| name=CIA|{{cite web |url=https://www.cia.gov/library/publications/the-world-factbook/geos/mo.html |title=Morocco |work=World Factbook |publisher=Central Intelligence Agency}}|</ref>}}",
  "demonym": "[[Moroccan people|Moroccan]]",
  "government_type": "[[Unitary state|Unitary]] [[Parliamentary system|parliamentary]] [[constitutional monarchy]]",
  "leader_title1": "[[King of Morocco|King]]",
  "leader_name1": "[[Mohammed VI of Morocco|Mohammed VI]]",
  "leader_title2": "[[Prime Minister of Morocco|Prime Minister]]",
  "leader_name2": "[[Saadeddine Othmani]]",
  "legislature": "[[Parliament of Morocco|Parliament]]",
  "upper_house": "[[House of Councillors (Morocco)|House of Councillors]]",
  "lower_house": "{{nowrap|[[House of Representatives (Morocco)|House of Representatives]]}}",
  "sovereignty_type": "[[History of Morocco|Establishment]]",
  "established_event1": "[[Idrisid dynasty]] {{small|(first dynasty)}}",
  "established_date1": "788",
  "established_event2": "[[Alaouite dynasty]] {{small|(current dynasty)}}",
  "established_date2": "1631",
  "established_event3": "[[History of Morocco#European influence|Protectorate established]]",
  "established_date3": "30 March 1912",
  "established_event4": "[[History of Morocco#Independent Morocco (since 1956)|Independence]]",
  "established_date4": "7 April 1956",
  "area_km2": "710,850",
  "area_footnote": "{{nowrap|<br/>|raise|0.15em|or 446,550 km|sup|2|ref label|Territory|b}} {{raise|0.15em|or 446,550 km|sup|2|ref label|Territory|b}} {{sup|2}} {{ref label|Territory|b}}",
  "area_rank": "40th or 57th",
  "area_sq_mi": "274,460 sq mi {{nowrap|<br/>|raise|0.15em|or 172,413 |ref label|Territory|b}} {{raise|0.15em|or 172,413 |ref label|Territory|b}} {{ref label|Territory|b}}",
  "percent_water": "{{nowrap|0.056 |small|(250 km|sup|2|)}} {{small|(250 km|sup|2|)}} {{sup|2}} )",
  "population_census": "35,740,000",
  "population_census_year": "2017",
  "population_density_km2": "50.0",
  "population_density_sq_mi": "189.3",
  "GDP_PPP": "$332.358&nbsp;billion",
  "GDP_PPP_year": "2019",
  "GDP_PPP_per_capita": "$9,339",
  "GDP_nominal": "$122.458&nbsp;billion",
  "GDP_nominal_year": "2019",
  "GDP_nominal_per_capita": "$3,441",
  "Gini": "39.5",
  "Gini_year": "2013",
  "HDI": "0.667",
  "HDI_year": "2017",
  "HDI_change": "increase",
  "HDI_rank": "123rd",
  "currency": "[[Moroccan dirham]]",
  "currency_code": "MAD",
  "utc_offset": "+1",
  "drives_on": "right",
  "calling_code": "[[+212]]",
  "cctld": "[[.ma]]<br>\u0627\u0644\u0645\u063a\u0631\u0628.",
  "footnote_a": "{{note|Official religion}} [[State religion|Official religion]].",
  "footnote_b": "{{note|Territory}} The area {{convert|446550|km2|abbr|=|on}} excludes all disputed territories, while {{convert|710850|km2|abbr|=|on}} includes the Moroccan-administered parts of [[Western Sahara]] (claimed as the [[Sahrawi Arab Democratic Republic]] by the [[Polisario Front]]).",
  "religion": "[[Sunni Islam]] {{ref label|Official religion|a}} <small>(official)</small>"
}