{
  "conventional_long_name": "Federal Republic of Nigeria",
  "common_name": "Nigeria",
  "native_name": "{{unbulleted list|item_style|=|font-size:78%; |native name|ha|Jamhuriyar Taraiyar Nijeriya| |native name|ig|\u1ecc\u0300h\u00e0\u0144j\u00edk\u1ecd\u0300 \u1ecc\u0300h\u00e0n\u00e9z\u00e8 Na\u00ecj\u00edr\u00edy\u00e0| |native name|yo|Or\u00edl\u1eb9\u0300-\u00e8d\u00e8 Ol\u00f3m\u00ecniira \u00c0pap\u1ecd\u0300 N\u00e0\u00ecj\u00edr\u00ed\u00e0| |native name|Ful|Moo\u0253gal Kawtal Naajeeriya}} {{native name|ha|Jamhuriyar Taraiyar Nijeriya}} {{native name|ig|\u1ecc\u0300h\u00e0\u0144j\u00edk\u1ecd\u0300 \u1ecc\u0300h\u00e0n\u00e9z\u00e8 Na\u00ecj\u00edr\u00edy\u00e0}} {{native name|yo|Or\u00edl\u1eb9\u0300-\u00e8d\u00e8 Ol\u00f3m\u00ecniira \u00c0pap\u1ecd\u0300 N\u00e0\u00ecj\u00edr\u00ed\u00e0}} {{native name|Ful|Moo\u0253gal Kawtal Naajeeriya}}",
  "image_flag": "Flag of Nigeria.svg",
  "image_coat": "Coat of arms of Nigeria.svg",
  "national_motto": "\"Unity and Faith, Peace and Progress\"",
  "national_anthem": "\"[[Arise, O Compatriots]]\"<br />[[File:United States Navy Band - Arise O Compatriots.ogg|center]]",
  "image_map": "Nigeria_(orthographic_projection).svg",
  "capital": "[[Abuja]]",
  "coordinates": "{{Coord|9|4|N|7|29|E|type:city}}",
  "largest_city": "[[Lagos]]<br /> {{small|coord|6|27|N|3|23|E|display|=|inline}} {{coord|6|27|N|3|23|E|display|=|inline}}",
  "official_languages": "[[English language|English]]",
  "languages_type": "Major languages",
  "languages": "{{hlist |[[Hausa language|Hausa]] |[[Igbo language|Igbo]] |[[Yoruba language|Yoruba]] |[[Fula language|Fulfulde]]}}",
  "languages2_type": "Other languages",
  "languages2": "{{hlist|[[Atyap]]|[[Berom language|Birom]]|[[Edo language|Edo]]|[[Efik language|Efik]]|[[Eleme language|Eleme]]|[[Gbagyi]]|[[Hyam language|Hyam]]|[[Ibibio language|Ibibio]]|[[Idoma language|Idoma]]|[[Igala language|Igala]]|[[Igbira]]|[[Ijaw languages|Ijaw]]|[[Ikwerre language|Ikwerre]]|[[Itsekiri]]|[[Jju language|Jju]]|[[Jukun Takum language|Jukun]]|[[Kanuri language|Kanuri]]|[[Margi language|Margi]]|[[Nupe language|Nupe]]|[[Tiv language|Tiv]]|[[Urhobo-Isoko]]}}",
  "demonym": "[[Nigerian people|Nigerian]]",
  "government_type": "[[Federation|Federal]] [[Presidential system|presidential]] [[republic]]",
  "leader_title1": "[[President of Nigeria|President]]",
  "leader_name1": "{{nowrap|[[Muhammadu Buhari]]}}",
  "leader_title2": "[[Vice President of Nigeria|Vice President]]",
  "leader_name2": "[[Yemi Osinbajo]]",
  "leader_title3": "[[President of the Senate of Nigeria|Senate President]]",
  "leader_name3": "[[Ahmed Ibrahim Lawan]]",
  "leader_title4": "[[Speaker of the House of Representatives of Nigeria|House Speaker]]",
  "leader_name4": "[[Femi Gbajabiamila]]",
  "leader_title5": "[[Chief Justice of Nigeria|Chief Justice]]",
  "leader_name5": "[[Ibrahim Tanko Muhammad|Justice Ibrahim Tanko Muhammad]]",
  "legislature": "[[National Assembly of Nigeria|National Assembly]]",
  "upper_house": "[[Senate of Nigeria|Senate]]",
  "lower_house": "[[House of Representatives of Nigeria|House of Representatives]]",
  "sovereignty_type": "[[History of Nigeria|Independence]]",
  "sovereignty_note": "from the [[United Kingdom]]",
  "established_event1": "Unification of [[Protectorate of Southern Nigeria|Southern]] and [[Protectorate of Northern Nigeria|Northern Nigeria]]",
  "established_date1": "1914",
  "established_event2": "Declared and recognised",
  "established_date2": "1 October 1960",
  "established_event3": "Republic declared",
  "established_date3": "1 October 1963",
  "established_event4": "[[Constitution of Nigeria|Current constitution]]",
  "established_date4": "29 May 1999",
  "area_km2": "923,768",
  "area_rank": "32nd",
  "area_sq_mi": "356,667",
  "percent_water": "1.4",
  "population_estimate": "200,962,417",
  "population_census": "140,431,790",
  "population_estimate_year": "2019",
  "population_estimate_rank": "7th",
  "population_census_year": "2006",
  "population_density_km2": "215",
  "population_density_sq_mi": "557",
  "population_density_rank": "65th",
  "GDP_PPP": "$1.221 trillion",
  "GDP_PPP_year": "2019",
  "GDP_PPP_rank": "23rd",
  "GDP_PPP_per_capita": "$6,130",
  "GDP_PPP_per_capita_rank": "129th",
  "GDP_nominal": "$447.013 billion",
  "GDP_nominal_year": "2019",
  "GDP_nominal_rank": "31st",
  "GDP_nominal_per_capita": "$2,244",
  "GDP_nominal_per_capita_rank": "137th",
  "Gini": "43.0",
  "Gini_year": "2010",
  "Gini_change": "decrease",
  "HDI": "0.532",
  "HDI_year": "2017",
  "HDI_change": "increase",
  "HDI_rank": "157th",
  "currency": "[[Nigerian naira|Naira]] (\u20a6)",
  "currency_code": "NGN",
  "time_zone": "[[West Africa Time|WAT]]",
  "utc_offset": "+01:00",
  "drives_on": "right",
  "calling_code": "[[+234]]",
  "cctld": "[[.ng]]",
  "religion": "See ''[[Religion in Nigeria]]''"
}