{
  "conventional_long_name": "Republic of the Niger",
  "native_name": "{{unbulleted list |native name|fr|R\u00e9publique du Niger|}} {{native name|fr|R\u00e9publique du Niger}}",
  "common_name": "Niger",
  "image_flag": "Flag of Niger.svg",
  "image_coat": "Coat of Arms of Niger.svg",
  "symbol_width": "125px",
  "image_map": "Niger_(orthographic_projection).svg",
  "map_caption": "{{map caption |countryprefix|=| |location_color|=|dark green}}",
  "image_map2": "Niger - Location Map (2011) - NER - UNOCHA.svg",
  "national_motto": "{{unbulleted list |native phrase|fr|\"Fraternit\u00e9, Travail, Progr\u00e8s\"|italics|=|off| |small|\"Fraternity, Work, Progress\"}} {{native phrase|fr|\"Fraternit\u00e9, Travail, Progr\u00e8s\"|italics|=|off}} {{small|\"Fraternity, Work, Progress\"}}",
  "national_anthem": "''[[La Nig\u00e9rienne]]''<br/>",
  "official_languages": "[[French language|French]]",
  "languages_type": "[[National language]]s",
  "languages": "{{hlist |[[Arabic language|Arabic]] |[[Buduma language|Buduma]]}} {{hlist |[[Fula language|Fulfulde]]}} {{hlist |[[Gurma language|Gourmanch\u00e9ma]]}} {{hlist |[[Hausa language|Hausa]] |[[Kanuri language|Kanuri]]}} {{hlist |[[Songhay languages|Zarma & Songhai]] |[[Tuareg languages|Tamasheq]] |[[Tasawaq language|Tassawaq]] |[[Tebu languages|Tebu]]}}",
  "demonym": "[[Demographics of Niger|Nigerien]] ( {{IPAc-en|n|i\u02d0|\u02c8|\u0292|\u025b\u0259r|i|\u0259n}} &nbsp; {{lower|0.4em|ref|{{cite web|url=https://en.oxforddictionaries.com/definition/nigerien|title=Nigerien \u2013 definition of Nigerien in English from the Oxford Dictionaries|publisher=|accessdate=1 March 2018}}|</ref>|<!--end lower:-->}} or {{IPAc-en|n|a\u026a|\u02cc|d\u0292|\u026a\u0259r|i|\u02c8|\u025b|n}} &nbsp; {{lower|0.4em|ref|\"Niger.\" ''The American Heritage\u00ae Dictionary of the English Language, Fourth Edition''. 2003. Houghton Mifflin Company 22 February 2013 http://www.thefreedictionary.com/Niger|</ref>|<!--end lower:-->}} )",
  "capital": "[[Niamey]]",
  "coordinates": "{{Coord|13|32|N|2|05|E|type:city}}",
  "largest_city": "Niamey",
  "government_type": "[[Unitary state|Unitary]] [[Semi-presidential system|semi-presidential]] [[republic]]",
  "leader_title1": "[[List of heads of state of Niger|President]]",
  "leader_name1": "[[Mahamadou Issoufou]]",
  "leader_title2": "[[List of Prime Ministers of Niger|Prime Minister]]",
  "leader_name2": "[[Brigi Rafini]]",
  "legislature": "[[National Assembly of Niger|National Assembly]]",
  "area_rank": "21st",
  "area_km2": "1,267,000",
  "area_sq_mi": "489,678",
  "percent_water": "0.02",
  "population_estimate": "{{UN_Population|Niger}}",
  "population_estimate_rank": "61st",
  "population_estimate_year": "{{UN_Population|Year}}",
  "population_census": "17,138,707",
  "population_census_year": "2012",
  "population_density_km2": "12.1",
  "population_density_sq_mi": "31.2",
  "GDP_PPP": "$23.475&nbsp;billion",
  "GDP_PPP_rank": "140th",
  "GDP_PPP_year": "2018",
  "GDP_PPP_per_capita": "$1,213",
  "GDP_PPP_per_capita_rank": "183rd",
  "GDP_nominal": "$9.869&nbsp;billion",
  "GDP_nominal_rank": "136th",
  "GDP_nominal_year": "2018",
  "GDP_nominal_per_capita": "$510",
  "GDP_nominal_per_capita_rank": "179th",
  "sovereignty_type": "[[History of Niger|Independence]]",
  "sovereignty_note": "from [[France]]",
  "established_event1": "Declared",
  "established_date1": "3 August 1960",
  "Gini_year": "2014",
  "Gini_change": "increase",
  "Gini": "34.0",
  "Gini_rank": "70th",
  "HDI_year": "2017",
  "HDI_change": "increase",
  "HDI": "0.354",
  "HDI_rank": "189th",
  "currency": "[[West African CFA franc]]",
  "currency_code": "XOF",
  "time_zone": "[[West Africa Time|WAT]]",
  "utc_offset": "+1",
  "drives_on": "right",
  "calling_code": "[[+227]]",
  "cctld": "[[.ne]]",
  "footnote_a": "Lowest ranked."
}