{
  "conventional_long_name": "Republic of the Congo",
  "native_name": "{{native name|fr|R\u00e9publique du Congo|fontsize|=|68%}} <br> {{native name|kg|Repubilika ya K\u00f4ngo|fontsize|=|68%}} <br> {{native name|ln|Republ\u00edki ya Kong\u00f3|fontsize|=|68%}}",
  "common_name": "the Republic of the Congo",
  "image_flag": "Flag of the Republic of the Congo.svg",
  "image_coat": "Coat of arms of the Republic of the Congo.svg",
  "national_motto": "{{native phrase|fr|\"Unit\u00e9, Travail, Progr\u00e8s\"|italics|=|off|nolink|=|on}} <br/>( {{Lang-en|\"Unity, Work, Progress\"}} )",
  "image_map": "Location Republic of the Congo AU Africa.svg",
  "map_caption": "{{map caption |countryprefix|=| |location_color|=|dark green |region|=|Africa |region_color|=|dark grey and light green|subregion|=|the [[African Union]] |subregion_color|=|light green}}",
  "national_anthem": "{{native name|fr|[[La Congolaise]]|nolink|=|on}} <br/>( {{Lang-en|\"The Congolese\"}} )<div style=\"padding-top:0.5em;\"><center>[[File:National anthem of the Republic of the Congo.oga]]</center></div>",
  "official_languages": "[[French language|French]]",
  "regional_languages": "{{hlist |[[Kituba language|Kituba]] | [[Kikongo language|Kikongo]] | [[Lingala language|Lingala]]}}",
  "demonym": "<span class=\"noautolink\">Congolese</span>",
  "ethnic_groups": "{{unbulleted list\n  | 48% [[Kongo people|Kongo]]\n  | 20% [[Sangha people|Sangha]]\n  | 17% [[Teke people|Teke]]\n  | 12% [[Mbochi people|M'Bochi]]\n  | |nowrap|3% Europeans / others|}} {{nowrap|3% Europeans / others}}",
  "capital": "[[Brazzaville]]",
  "coordinates": "{{Coord|4|16|S|15|17|E|type:city}}",
  "largest_city": "[[Brazzaville]]",
  "government_type": "[[Unitary state|Unitary]] [[Dominant-party system|dominant-party]] [[Semi-presidential system|semi-presidential]] [[republic]]",
  "leader_title1": "[[President of the Republic of the Congo|President]]",
  "leader_name1": "[[Denis Sassou Nguesso]]",
  "leader_title2": "[[Prime Minister of the Republic of Congo|Prime Minister]]",
  "leader_name2": "[[Cl\u00e9ment Mouamba]]",
  "legislature": "[[Parliament of the Republic of the Congo|Parliament]]",
  "upper_house": "[[Senate (Republic of the Congo)|Senate]]",
  "lower_house": "[[National Assembly (Republic of the Congo)|National Assembly]]",
  "area_km2": "342,000",
  "area_sq_mi": "132,047",
  "area_rank": "64th",
  "percent_water": "3.3",
  "population_estimate": "5,244,359",
  "population_estimate_year": "{{UN_Population|Year}}",
  "population_estimate_rank": "124th",
  "population_density_km2": "12.8",
  "population_density_sq_mi": "33.1",
  "population_density_rank": "204th",
  "GDP_PPP_year": "2019",
  "GDP_PPP": "$32.516 billion",
  "GDP_PPP_per_capita": "$7,119",
  "Gini_year": "2011",
  "Gini": "40.2",
  "GDP_nominal": "$11.162 billion",
  "GDP_nominal_year": "2019",
  "GDP_nominal_per_capita": "$2,444",
  "HDI_year": "2017",
  "HDI_change": "decrease",
  "HDI": "0.606",
  "HDI_rank": "137th",
  "sovereignty_type": "[[Independence]]",
  "established_event1": "from [[France]]",
  "established_date1": "15 August 1960",
  "currency": "[[Central African CFA franc]]",
  "currency_code": "XAF",
  "time_zone": "[[West Africa Time|WAT]]",
  "utc_offset": "+1",
  "drives_on": "right",
  "calling_code": "[[+242]]",
  "cctld": "[[.cg]]"
}