{
  "conventional_long_name": "Republic of Senegal",
  "native_name": "{{ubl|native name|wo|R\u00e9ewum Senegaal|native name|fr|R\u00e9publique du S\u00e9n\u00e9gal}} {{native name|wo|R\u00e9ewum Senegaal}} {{native name|fr|R\u00e9publique du S\u00e9n\u00e9gal}}",
  "common_name": "Senegal",
  "image_flag": "Flag of Senegal.svg",
  "image_coat": "Coat of arms of Senegal.svg",
  "image_map": "Location Senegal AU Africa.svg",
  "map_caption": "{{map caption|countryprefix|=|location_color|=|dark blue|region|=|the [[African Union]]|region_color|=|light blue}}",
  "image_map2": "Senegal - Location Map (2011) - SEN - UNOCHA.svg",
  "national_motto": "{{native phrase|fr|\"Un Peuple, Un But, Une Foi\"|italics|=|off}} <br/> {{small|\"One People, One Goal, One Faith\"}}",
  "national_anthem": "<br/> {{nowrap|\"[[Pincez Tous vos Koras, Frappez les Balafons]]\"}} <br/> {{small|\"Everyone strum your [[Kora (instrument)|kora]]s, strike the [[balafon]]s\"}} <br /><center>[[File:National Anthem of Senegal.ogg]]</center>",
  "official_languages": "[[French language|French]]",
  "languages_type": "[[Lingua franca]]",
  "languages": "[[Wolof language|Wolof]]",
  "languages2_type": "National languages",
  "languages2": "{{collapsible list|bullets|=|y|title|=|nobold|List:|\n|[[Balanta language|Balanta]]|[[Hassaniya Arabic]]|[[Jola-Fonyi language|Jola-Fonyi]]|[[Mandinka language|Mandinka]]|[[Mandjak language|Mandjak]]|[[Mankanya language|Mankanya]]|[[Noon language|Noon]]|[[Pulaar language|Pulaar]]|[[Serer language|Serer]]|[[Soninke language|Soninke]]}} {{nobold|List:}}",
  "ethnic_groups": "{{ubl|[[Wolof people|Wolof]] (41.3%)|[[Fula people|Fula]] (17.8%)|[[Serer people|Serer]] (15.7%)|[[Mandinka people|Mandinka]] (14.0%)|[[Jola people|Jola]] (3.7%)|[[Soninke people|Soninke]] (1.1%)|Other (7.4%)}}",
  "demonym": "Senegalese",
  "capital": "[[Dakar]]",
  "coordinates": "{{Coord|14|40|N|17|25|W|type:city}}",
  "largest_city": "capital",
  "government_type": "[[Unitary state|Unitary]] {{nowrap|[[presidential system|presidential republic]]}}",
  "leader_title1": "[[List of Presidents of Senegal|President]]",
  "leader_name1": "[[Macky Sall]]",
  "legislature": "[[National Assembly (Senegal)|National Assembly]]",
  "area_rank": "86th",
  "area_km2": "196,712",
  "area_sq_mi": "76,000",
  "percent_water": "2.1",
  "population_estimate": "{{UN_Population|Senegal}} {{UN_Population|ref}}",
  "population_estimate_year": "{{UN_Population|Year}}",
  "population_estimate_rank": "72nd",
  "population_census_rank": "73rd",
  "population_census": "14,668,522",
  "population_census_year": "2016",
  "population_density_km2": "68.7",
  "population_density_sq_mi": "177.7",
  "population_density_rank": "134th",
  "GDP_PPP": "$59.987 billion",
  "GDP_PPP_rank": "112th",
  "GDP_PPP_year": "2018",
  "GDP_PPP_per_capita": "$3,675",
  "GDP_PPP_per_capita_rank": "158th",
  "GDP_nominal_rank": "108th",
  "GDP_nominal": "$24.240 billion",
  "GDP_nominal_year": "2018",
  "GDP_nominal_per_capita": "$1,485",
  "GDP_nominal_per_capita_rank": "158th",
  "sovereignty_type": "[[History of Senegal|Independence]]",
  "established_event1": "from [[France]]<sup>a</sup>",
  "established_date1": "4 April 1960",
  "established_event2": "Withdrawal from<br/>the [[Mali Federation]]",
  "established_date2": "20 August 1960",
  "Gini_year": "2011",
  "Gini": "40.3",
  "HDI": "0.505",
  "HDI_year": "2017",
  "HDI_change": "increase",
  "HDI_rank": "164th",
  "currency": "[[West African CFA franc]]",
  "currency_code": "XOF",
  "time_zone": "[[Greenwich Mean Time|GMT]]",
  "utc_offset": "+0",
  "drives_on": "right",
  "calling_code": "[[+221]]",
  "cctld": "[[.sn]]",
  "footnote_a": "With [[French Sudan]], as the [[Mali Federation]]."
}