{
  "conventional_long_name": "Republic of Seychelles",
  "common_name": "Seychelles",
  "native_name": "{{unbulleted list |''R\u00e9publique des Seychelles'' ([[French language|French]]) |''Repiblik Sesel'' ([[Seychelles Creole]])}}",
  "image_flag": "Flag of the Seychelles.svg",
  "image_coat": "Coat of arms of Seychelles.svg",
  "symbol_type": "Coat of arms",
  "national_motto": "{{native phrase|la|\"Finis Coronat Opus\"|italics|=|off}} <br/> {{small|\"The End Crowns the Work\"}}",
  "national_anthem": "''[[Koste Seselwa]]''<br/> {{small|''Join together all Seychellois''}} <br /><div style=\"padding-top:0.5em;\" class=\"center\">[[File:Koste Seselwa (instrumental).ogg]]</div>",
  "image_map": "Location Seychelles AU Africa.svg",
  "map_caption": "{{map caption |countryprefix|=| |location_color|=|dark blue |region|=|Africa |region_color|=|dark grey |subregion|=|the [[African Union]] |subregion_color|=|light blue}}",
  "capital": "[[Victoria, Seychelles|Victoria]]",
  "coordinates": "{{Coord|4|37|S|55|27|E|type:city}}",
  "largest_city": "capital",
  "official_languages": "{{unbulleted list |[[English language|English]] |[[French language|French]] |[[Seychellois Creole]]}}",
  "ethnic_groups": "{{unbulleted list\n  | |nowrap|93.2% [[Seychellois Creole people|Creoles]]|\n  |  3.0% [[British people|British]]\n  |  1.8% French\n  |  0.4% Chinese\n  |  0.4% [[Indo-Seychellois|Indian]]\n  |  1.2% others}} {{nowrap|93.2% [[Seychellois Creole people|Creoles]]}}",
  "ethnic_groups_year": "2000",
  "demonym": "{{unbulleted list |Seychellois |Seychelloise |Seselwa |small|(Creole)}} {{small|(Creole)}}",
  "government_type": "[[Unitary state|Unitary]] [[presidential system|presidential]] [[republic]]",
  "leader_title1": "[[List of Presidents of Seychelles|President]]",
  "leader_name1": "[[Danny Faure]]",
  "leader_title2": "[[Vice President of Seychelles|Vice President]]",
  "leader_name2": "[[Vincent M\u00e9riton]]",
  "legislature": "[[National Assembly (Seychelles)|National Assembly]]",
  "sovereignty_type": "Independence",
  "established_event1": "from the [[United Kingdom]]",
  "established_date1": "29 June 1976",
  "area_km2": "459",
  "area_rank": "181st",
  "area_sq_mi": "177",
  "percent_water": "negligible",
  "population_estimate": "{{UN_Population|Seychelles}} {{UN_Population|ref}}",
  "population_estimate_year": "{{UN_Population|Year}}",
  "population_estimate_rank": "195th",
  "population_census_year": "2014",
  "population_density_km2": "205.3",
  "population_density_rank": "67th",
  "GDP_PPP": "$2.919&nbsp;billion",
  "GDP_PPP_year": "2018",
  "GDP_PPP_per_capita": "$30,486",
  "GDP_nominal": "$1.564&nbsp;billion",
  "GDP_nominal_year": "2019",
  "GDP_nominal_per_capita": "$16,332",
  "Gini": "46.8",
  "Gini_year": "2013",
  "HDI": "0.797",
  "HDI_year": "2017",
  "HDI_change": "increase",
  "HDI_rank": "62nd",
  "currency": "[[Seychellois rupee]]",
  "currency_code": "SCR",
  "time_zone": "[[Seychelles Time|SCT]]",
  "utc_offset": "+4",
  "utc_offset_DST": "+4",
  "time_zone_DST": "not observed",
  "drives_on": "left",
  "calling_code": "[[+248]]",
  "cctld": "[[.sc]]"
}