{
  "conventional_long_name": "Federal Republic of Somalia",
  "common_name": "Somalia",
  "native_name": "{{native name|so|Jamhuuriyadda Federaalka Soomaaliya}} <br /> {{native name|ar|\u062c\u0645\u0647\u0648\u0631\u064a\u0629 \u0627\u0644\u0635\u0648\u0645\u0627\u0644 \u0627\u0644\u0641\u064a\u062f\u0631\u0627\u0644\u064a\u0629}}",
  "image_flag": "Flag of Somalia.svg",
  "image_coat": "Coat of arms of Somalia.svg",
  "national_anthem": "\" {{lang|so|[[Qolobaa Calankeed]]|italic|=|no}} \"<br><center>[[File:Somalian national anthem, performed by the United States Navy Band.oga]]</center>",
  "image_map": "Somalia (orthographic projection).svg",
  "map_caption": "Area controlled by Somalia shown in dark green; claimed but uncontrolled [[Somaliland]]\u2060 (a [[self-declared]] but [[unrecognized state]]) shown in light green. n.b., zones of control are approximate at this time.",
  "image_map2": "Somalia - Location Map (2011) - SOM - UNOCHA.svg",
  "capital": "[[Mogadishu]]",
  "coordinates": "{{Coord|2|2|N|45|21|E|type:city}}",
  "largest_city": "capital",
  "official_languages": "{{hlist|[[Somali language|Somali]] | [[Modern Standard Arabic|Arabic]]|ref| name=\"Frspc\"}}",
  "languages_type": "Foreign languages",
  "languages": "{{hlist|[[English language|English]]|[[Italian language|Italian]]|ref| name=\"ethnologue.com\"|https://www.ethnologue.com/language/ita|</ref>|ref|[http://www.refworld.org/cgi-bin/texis/vtx/rwmain?page=country&category=&publisher=&type=LEGISLATION&coi=SOM&rid=456d621e2&docid=4795c2d22&skip=0 Scuola media di Mogadiscio]|</ref>}}",
  "religion": "[[Islam]]",
  "demonym": "[[Demographics of Somalia|Somali]]",
  "government_type": "[[Federation|Federal]] [[parliamentary republic]]",
  "leader_title1": "[[President of Somalia|President]]",
  "leader_name1": "[[Mohamed Abdullahi Mohamed]]",
  "leader_title2": "[[List of Prime Ministers of Somalia|Prime Minister]]",
  "leader_name2": "[[Hassan Ali Khayre]]",
  "legislature": "[[Federal Parliament of Somalia|Federal Parliament]]",
  "sovereignty_type": "[[History of Somalia|Formation]]",
  "established_event1": "[[Land of Punt]]",
  "established_date1": "2,500 BCE",
  "established_event2": "[[Proto-Somali]] formation",
  "established_date2": "1,000 BCE",
  "established_event3": "[[Macrobians|Macrobian Kingdom]]",
  "established_date3": "247 BCE",
  "established_event4": "[[Maritime history of Somalia|Somali city-states]]",
  "established_date4": "1st century",
  "established_event5": "[[Sultanate of Mogadishu]]",
  "established_date5": "9th century",
  "established_event6": "[[Sultanate of the Geledi]]",
  "established_date6": "17th century",
  "established_event7": "[[Majeerteen Sultanate]]",
  "established_date7": "18th century",
  "established_event8": "[[Sultanate of Hobyo]]",
  "established_date8": "19th century",
  "established_event9": "[[British Somaliland]]",
  "established_date9": "1884",
  "established_event10": "[[Italian Somaliland]]",
  "established_date10": "1889",
  "established_event11": "Independence from [[Italy]]",
  "established_date11": "1 July 1960",
  "established_event12": "[[United Nations Security Council Resolution 141|Admitted to the]] [[United Nations]]",
  "established_date12": "20 September 1960",
  "established_event13": "[[Constitution of Somalia|Current constitution]]",
  "established_date13": "1 August 2012",
  "area_km2": "637,657",
  "area_rank": "43rd",
  "area_sq_mi": "246,200",
  "population_estimate": "11,031,386",
  "population_estimate_year": "2017",
  "population_estimate_rank": "{{smaller|76th}}",
  "population_density_km2": "19.31",
  "population_density_sq_mi": "41.73",
  "population_density_rank": "{{smaller|199th}}",
  "GDP_PPP": "[[US$]]36.564 billion",
  "GDP_PPP_year": "2018",
  "GDP_PPP_rank": "N/A",
  "GDP_PPP_per_capita": "[[US$]]2,454",
  "GDP_PPP_per_capita_rank": "N/A",
  "GDP_nominal": "[[US$]]17.405 billion",
  "GDP_nominal_year": "2018",
  "GDP_nominal_rank": "{{smaller|184th}}",
  "GDP_nominal_per_capita": "[[US$]]1,671",
  "GDP_nominal_per_capita_rank": "{{smaller|193th}}",
  "HDI_year": "2008",
  "HDI_rank": "unranked",
  "currency": "[[Somali shilling]]",
  "currency_code": "SOS",
  "time_zone": "[[East Africa Time|EAT]]",
  "utc_offset": "+3",
  "date_format": "dd/mm/yyyy",
  "drives_on": "right",
  "calling_code": "[[+252]]",
  "cctld": "[[.so]]"
}