{
  "conventional_long_name": "Republic of The Gambia",
  "common_name": "The Gambia",
  "image_flag": "Flag of The Gambia.svg",
  "image_coat": "Coat_of_arms_of_The_Gambia.svg",
  "national_motto": "\"Progress, Peace, Prosperity\"",
  "national_anthem": "\"[[For The Gambia Our Homeland]]\"<div style=\"padding-top:0.5em;\" class=\"center\">[[File:For The Gambia Our Homeland (instrumental).ogg]]</div>",
  "image_map": "Gambia (orthographic projection with inset).svg",
  "image_map2": "Gambia - Location Map (2013) - GMB - UNOCHA.svg",
  "capital": "[[Banjul]]",
  "largest_city": "[[Serekunda]]",
  "official_languages": "[[English language|English]]",
  "languages_type": "[[National language]]s",
  "languages": "{{hlist |[[Mandinka language|Mandinka]] |[[Pulaar language|Fula]] |[[Wolof language|Wolof]] |[[Serer language|Serer]] |[[Jola languages|Jola]]}}",
  "ethnic_groups": "{{unbulleted list\n  | 34.4% [[Mandinka people|Mandinka]]\n  | 24.1% [[Fula people|Fula]]\n  | 14.8% [[Wolof people|Wolof]]\n  | 10.5% [[Jola people|Jola]]\n  |  8.2% [[Soninke people|Serahuli]]\n  | 3.1% [[Serer people|Serer]]\n  | 1.9% [[Manjago people|Manjago]]\n  | 1.3% [[Bambara people|Bambara]]\n  | 0.5% [[Oku people (Sierra Leone)|Aku Marabou]]\n  | 1.5% other|ref|\nname=\"2013Census\"|{{cite web |url=https://www.gbos.gov.gm/uploads/census/2013/Spatial-distribution-report_%20Final.pdf |title=2013 Population and Housing Census: Spatial Distribution |publisher=The Republic of The Gambia |last=National Population Commission Secretariat |date=April 30, 2005 |website=Gambia Bureau of Statistics |access-date=December 29, 2017 |archive-url=https://web.archive.org/web/20180103134831/https://www.gbos.gov.gm/uploads/census/2013/Spatial-distribution-report_%20Final.pdf |archive-date=3 January 2018 |dead-url=no |df=dmy-all }}|</ref>|}}",
  "ethnic_groups_year": "2013 Census",
  "demonym": "Gambian",
  "government_type": "[[Unitary state|Unitary]] [[Presidential system|presidential]] [[republic]]",
  "leader_title1": "[[President of the Gambia|President]]",
  "leader_name1": "[[Adama Barrow]]",
  "leader_title2": "[[Vice-President of the Gambia|Vice President]]",
  "leader_name2": "[[Isatou Touray]]",
  "legislature": "[[National Assembly of the Gambia|National Assembly]]",
  "sovereignty_type": "Independence",
  "established_event1": "from the [[United Kingdom]]",
  "established_date1": "18 February 1965",
  "area_km2": "10,689",
  "area_rank": "159th",
  "area_sq_mi": "4,007",
  "percent_water": "11.5",
  "population_estimate": "2,051,363",
  "population_census": "1,857,181",
  "population_estimate_year": "2017",
  "population_estimate_rank": "146",
  "population_census_year": "2013",
  "population_density_km2": "176.1",
  "population_density_sq_mi": "425.5",
  "population_density_rank": "74th",
  "GDP_PPP": "$3.582 billion",
  "GDP_PPP_year": "2017",
  "GDP_PPP_per_capita": "$1,686",
  "GDP_nominal": "$1.038 billion",
  "GDP_nominal_year": "2017",
  "GDP_nominal_per_capita": "$488",
  "Gini": "35.9",
  "Gini_year": "2015",
  "Gini_change": "decrease",
  "HDI": "0.452",
  "HDI_year": "2015",
  "HDI_change": "increase",
  "HDI_rank": "173rd",
  "currency": "[[Gambian dalasi|Dalasi]]",
  "currency_code": "GMD",
  "time_zone": "[[Greenwich Mean Time|GMT]]",
  "utc_offset": "+0",
  "DST_note": "<small>''Daylight Saving Time<br/>is not observed''</small>",
  "drives_on": "[[Left- and right-hand traffic#Right-hand traffic|right]]",
  "calling_code": "[[+220]]",
  "iso3166code": "GM",
  "cctld": "[[.gm]]",
  "coordinates": "{{Coord|13|28|N|16|36|W|type:city|display|=|inline,title}}"
}