{
  "conventional_long_name": "Togolese Republic",
  "common_name": "Togo",
  "native_name": "''R\u00e9publique togolaise'' ([[French language|French]])",
  "image_flag": "Flag of Togo.svg",
  "image_coat": "Emblem of Togo.svg",
  "symbol_type": "Emblem",
  "national_motto": "{{native phrase|fr|\"Travail, Libert\u00e9, Patrie\"|ref|{{cite web|url=http://www.africanlegislaturesproject.org/content/constitution-togo|title=Constitution of Togo|year=2002|accessdate=20 November 2011|deadurl=yes|archiveurl=https://web.archive.org/web/20120214090412/http://www.africanlegislaturesproject.org/content/constitution-togo|archivedate=14 February 2012|df=dmy-all}}|</ref>|italics|=|off}} <br> {{small|\"Work, Liberty, Homeland\"}}",
  "national_anthem": "{{native name|fr|\"[[Salut \u00e0 toi, pays de nos a\u00efeux|Terre de nos a\u00efeux]]\"|nolink|=|on|italic|=|no}} <br>( {{Lang-en|\"Land of our ancestors\"}} )<br><center>[[File:Togolese national anthem.ogg]]</center>",
  "image_map": "Location Togo AU Africa.svg",
  "map_caption": "{{map caption|countryprefix|=|location_color|=|dark blue|region|=|the [[African Union]]|region_color|=|light blue}}",
  "capital": "[[Lom\u00e9]]",
  "coordinates": "{{Coord|6|8|N|1|13|E|type:city|display|=|inline,title}}",
  "largest_city": "[[Lom\u00e9]]",
  "official_languages": "[[French language|French]]",
  "national_languages": "[[Ewe language|Ewe]] {{*}} [[Kabiy\u00e9 language|Kabiy\u00e9]]",
  "ethnic_groups": "99% [[Ewe people|Ewe]], [[Kabye people|Kabye]], [[Tem people|Tem]], [[Gourma people|Gourma]], and 33 other African groups<br>1% European, Syrio-Lebanese",
  "demonym": "Togolese",
  "government_type": "[[Unitary state|Unitary]] [[Dominant-party system|dominant-party]] [[Presidential system|presidential republic]]",
  "leader_title1": "[[President of Togo|President]]",
  "leader_name1": "[[Faure Gnassingb\u00e9]]",
  "leader_title2": "[[Heads of Government of Togo|Prime Minister]]",
  "leader_name2": "[[Komi S\u00e9lom Klassou]]",
  "legislature": "[[National Assembly (Togo)|National Assembly]]",
  "sovereignty_type": "[[Independence]]",
  "established_event1": "from [[France]]",
  "established_date1": "27 April 1960",
  "area_km2": "56,785",
  "area_rank": "123rd",
  "area_sq_mi": "21,925",
  "percent_water": "4.2",
  "population_estimate": "7,965,055",
  "population_census": "6,337,000",
  "population_estimate_year": "2017",
  "population_estimate_rank": "99th",
  "population_census_year": "2010",
  "population_density_km2": "125.9",
  "population_density_sq_mi": "243",
  "population_density_rank": "93rd<sup>e</sup>",
  "GDP_PPP": "$14.919 billion",
  "GDP_PPP_year": "2019",
  "GDP_PPP_per_capita": "$1,821",
  "GDP_nominal": "$5.592 billion",
  "GDP_nominal_year": "2019",
  "GDP_nominal_per_capita": "$682",
  "Gini": "46",
  "Gini_year": "2011",
  "Gini_change": "increase",
  "HDI": "0.503",
  "HDI_year": "2017",
  "HDI_change": "increase",
  "HDI_rank": "165th",
  "currency": "[[West African CFA franc]]",
  "currency_code": "XOF",
  "time_zone": "[[Greenwich Mean Time|GMT]]",
  "utc_offset": "+0",
  "drives_on": "right",
  "calling_code": "[[Telephone numbers in Togo|+228]]",
  "cctld": "[[.tg]]",
  "footnote_a": "Such as [[Ewe language|Ewe]], [[Gin language|Mina]] and [[Aja language (Niger\u2013Congo)|Aja]].",
  "footnote_b": "Largest are the [[Ewe people|Ewe]], Mina, [[T\u00e9m|Kotokoli Tem]] and [[Kabye people|Kabre]].",
  "footnote_c": "Mostly European and Syrian-Lebanese.",
  "footnote_d": "Estimates for this country explicitly take into account the effects of excess mortality due to AIDS; this can result in lower life expectancy, higher infant mortality and death rates, lower population and growth rates, and changes in the distribution of population by age and sex than would otherwise be expected.",
  "footnote_e": "Rankings based on 2017 figures ([https://www.cia.gov/library/publications/the-world-factbook/geos/to.html ''CIA World Factbook'' \u2013 \"Togo\"])"
}