{
  "conventional_long_name": "Republic of Uganda",
  "common_name": "Uganda",
  "image_flag": "Flag of Uganda.svg",
  "image_coat": "Coat of arms of Uganda.svg",
  "national_motto": "{{nowrap|\"For God and My Country\"}} <br/> {{nowrap|\"kwa mungu na nchi yangu\"}}",
  "national_anthem": "\"[[Oh Uganda, Land of Beauty]]\" <center>[[File:Ugandan national anthem, performed by the U.S. Navy Band.ogg]]</center>",
  "image_map": "Location Uganda AU Africa.svg",
  "map_caption": "{{map caption |location_color|=|dark blue \n|region|=|Africa\n|region_color|=|dark grey |subregion|=|the [[African Union]] |subregion_color|=|light blue}}",
  "image_map2": "Uganda - Location Map (2013) - UGA - UNOCHA.svg",
  "capital": "[[Kampala]]",
  "coordinates": "{{Coord|0|18|N|32|34|E|type:city}}",
  "largest_city": "capital",
  "official_languages": "[[English language|English]]<br>[[Swahili language|Swahili]]",
  "demonym": "Ugandan",
  "government_type": "[[Unitary state|Unitary]] [[dominant-party]] [[semi-presidential]] [[republic]]",
  "leader_title1": "[[President of Uganda|President]]",
  "leader_name1": "[[Yoweri Museveni]]",
  "leader_title2": "[[Vice President of Uganda|Vice President]]",
  "leader_name2": "[[Edward Ssekandi]]",
  "leader_title3": "[[Prime Minister of Uganda|Prime Minister]]",
  "leader_name3": "[[Ruhakana Rugunda]]",
  "legislature": "[[Parliament of Uganda|Parliament]]",
  "sovereignty_type": "Independence",
  "established_event1": "from the [[United Kingdom]]",
  "established_date1": "9 October 1962",
  "established_event2": "Current constitution",
  "established_date2": "8 October 1995",
  "area_km2": "241,038",
  "area_rank": "79th",
  "area_sq_mi": "93,065",
  "percent_water": "15.39",
  "population_estimate": "{{UN_Population|Uganda}} {{UN_Population|ref}}",
  "population_estimate_year": "{{UN_Population|Year}}",
  "population_census": "34,634,650",
  "population_estimate_rank": "35th",
  "population_census_year": "2014",
  "population_density_km2": "157.1",
  "population_density_sq_mi": "406.9",
  "GDP_PPP": "$102.659 billion",
  "GDP_PPP_year": "2019",
  "GDP_PPP_per_capita": "$2,566",
  "GDP_nominal": "$30.765 billion",
  "GDP_nominal_year": "2019",
  "GDP_nominal_per_capita": "$769",
  "Gini": "41.01",
  "Gini_year": "2012",
  "Gini_change": "decrease",
  "HDI": "0.516",
  "HDI_year": "2017",
  "HDI_change": "increase",
  "HDI_rank": "162nd",
  "currency": "[[Ugandan shilling]]",
  "currency_code": "UGX",
  "time_zone": "[[East Africa Time|EAT]]",
  "utc_offset": "+3",
  "drives_on": "[[Right- and left-hand traffic|left]]",
  "calling_code": "[[+256]]<sup>a</sup>",
  "cctld": "[[.ug]]",
  "footnote_a": "+006 from [[Kenya]] and [[Tanzania]]."
}