{
  "conventional_long_name": "Republic of Zambia",
  "common_name": "Zambia",
  "image_flag": "Flag of Zambia.svg",
  "image_coat": "Coat of Arms of Zambia.svg",
  "image_map": "Zambia (orthographic projection).svg",
  "image_map2": "Zambia_-_Location_Map_(2011)_-_ZMB_-_UNOCHA.svg",
  "national_motto": "<br/>\"One Zambia, One Nation\"",
  "national_anthem": "\"[[Stand and Sing of Zambia, Proud and Free]]\"<br /><div style=\"padding-top:0.5em;\"><center>[[File:Zambian national anthem.oga]]</center></div>",
  "official_languages": "[[English language|English]]",
  "regional_languages": "{{collapsible list\n  |titlestyle |=| background:transparent;text-align:left;font-weight:normal;\n  |title |=| > 0.5%\n  |liststyle |=| text-align: left;border-top:1px solid #aaa;\n  |  33.5% [[Bemba language|Bemba]]\n  |  14.8% [[Nyanja language|Nyanja]]\n  |  11.4% [[Tonga language (Zambia and Zimbabwe)|Tonga]]\n  |  5.5% [[Lozi language|Lozi]]\n  |  4.5% [[Chewa language|Chewa]]\n  |  3.0% [[Nsenga language|Nsenga]]\n  |  2.6% [[Tumbuka language|Tumbuka]]\n  |  1.9% [[Lunda language|Lunda]]\n  |  1.9% [[Kaonde language|Kaonde]]\n  |  1.8% [[Lala-Bisa language|Lala]]\n  |  1.8% [[Lamba language|Lamba]]\n  |  1.7% [[English language|English]]\n  |  1.5% [[Luvale language|Luvale]]\n  |  1.3% [[Mambwe language|Mambwe]]\n  |  1.2% [[Lenje language|Lenje]]\n  |  1.2% [[Namwanga language|Namwanga]]\n  |  1.0% [[Bisa language|Bisa]]\n  |  0.9% Ushi\n  |  0.7% [[Ila language|Ila]]\n  |  0.7% [[Mbunda language|Mbunda]]\n  |  0.7% [[Ngoni language|Ngoni]]\n  |  0.7% [[Tumbuka-Senga language|Senga]]\n  |  0.6% [[Lungu language|Lungu]]\n  |  0.5% Toka-Leya\n  |  4.7% Others}}",
  "religion": "[[Christianity]]",
  "demonym": "Zambian",
  "ethnic_groups": "{{collapsible list\n  |titlestyle |=| background:transparent;text-align:left;font-weight:normal;\n  |title |=| > 0.5%\n  |liststyle |=| text-align: left;border-top:1px solid #aaa;\n  |  21.0% [[Bemba people|Bemba]]\n  |  13.6% [[Tonga people of Zambia and Zimbabwe|Tonga]]\n  |  7.4% [[Chewa people|Chewa]]\n  |  5.7% [[Lozi people|Lozi]]\n  |  5.3% [[Nsenga people|Nsenga]]\n  |  4.4% [[Tumbuka people|Tumbuka]]\n  |  4.0% [[Ngoni people|Ngoni]]\n  |  3.1% Lala\n  |  2.9% Kaonde\n  |  2.8% Namwanga\n  |  2.6% [[Lunda people|Lunda (Northern)]]\n  |  2.5% [[Mambwe people|Mambwe]]\n  |  2.2% Luvale\n  |  2.1% [[Lamba people|Lamba]]\n  |  1.9% Ushi\n  |  1.6% Bisa\n  |  1.6% Lenje\n  |  1.2% [[Mbunda people|Mbunda]]\n  |  0.9% [[Lunda people|Lunda (Luapula)]]\n  |  0.9% [[Senga people|Senga]]\n  |  0.8% [[Ila people|Ila]]\n  |  0.8% [[Lungu people|Lungu]]\n  |  0.7% [[Tabwa]]\n  |  0.7% Soli\n  |  0.7% [[Kunda people|Kunda]]\n  |  0.6% Ngumbo\n  |  0.5% Chishinga\n  |  0.5% [[Chokwe people|Chokwe]]\n  |  0.5% [[Nkoya people|Nkoya]]\n  |  5.4% Other ethnics\n  |  0.8% Major racial\n  |  0.4% Unclassified}}",
  "ethnic_groups_year": "2010",
  "capital": "[[Lusaka]]",
  "coordinates": "{{Coord|15|25|S|28|17|E|type:city}}",
  "largest_city": "capital",
  "government_type": "[[Unitary state|Unitary]] [[Presidential system|presidential]] [[Republic|constitutional republic]]",
  "leader_title1": "[[List of Presidents of Zambia|President]]",
  "leader_name1": "[[Edgar Lungu]]",
  "leader_title2": "[[List of Vice Presidents of Zambia|Vice President]]",
  "leader_name2": "[[Inonge Wina]]",
  "legislature": "[[National Assembly (Zambia)|National Assembly]]",
  "area_km2": "752,618",
  "area_sq_mi": "290,587",
  "area_rank": "38th",
  "percent_water": "1",
  "population_estimate": "{{UN_Population|Zambia}} {{UN_Population|ref}}",
  "population_estimate_year": "{{UN_Population|Year}}",
  "population_estimate_rank": "68th",
  "population_census": "13,092,666",
  "population_census_year": "[[2010 Zambian census|2010]]",
  "population_density_km2": "17.2",
  "population_density_sq_mi": "44.5",
  "population_density_rank": "191st",
  "GDP_PPP_year": "2017",
  "GDP_PPP": "$68.64 billion",
  "GDP_PPP_per_capita": "$3,982",
  "GDP_nominal": "$23.137 billion",
  "GDP_nominal_year": "2017",
  "GDP_nominal_per_capita": "$1,342",
  "Gini_year": "2010",
  "Gini": "57.5",
  "HDI_year": "2017",
  "HDI_change": "increase",
  "HDI": "0.588",
  "HDI_rank": "144th",
  "sovereignty_type": "[[History of Zambia|Independence]]",
  "sovereignty_note": "from the [[United Kingdom]]",
  "established_event1": "[[North-Western Rhodesia]]",
  "established_date1": "27 June 1890",
  "established_event2": "[[Barotziland-North-Western Rhodesia]]",
  "established_date2": "28 November 1899",
  "established_event3": "[[North-Eastern Rhodesia]]",
  "established_date3": "29 January 1900",
  "established_event4": "[[Northern Rhodesia|Amalgamation of Northern Rhodesia]]",
  "established_date4": "17 August 1911",
  "established_event5": "[[Federation of Rhodesia and Nyasaland]]",
  "established_date5": "1 August 1953",
  "established_event6": "[[Zambia Independence Act 1964|Republic of Zambia]]",
  "established_date6": "24 October 1964",
  "established_event7": "[[Constitution of Zambia|Current constitution]]",
  "established_date7": "5 January 2016",
  "currency": "[[Zambian kwacha]]",
  "currency_code": "ZMW",
  "time_zone": "[[Central Africa Time|CAT]]",
  "utc_offset": "+2",
  "drives_on": "[[Right- and left-hand traffic|left]]",
  "calling_code": "[[+260]]",
  "cctld": "[[.zm]]"
}